Time,Extension,Load
(s),(mm),(N)
"0.00000","0.00000","0.04549"
"0.05000","0.00103","0.10288"
"0.10000","0.00850","0.02508"
"0.15000","0.02254","0.07808"
"0.20000","0.04149","0.07537"
"0.25000","0.05708","-0.00151"
"0.30000","0.07190","0.05616"
"0.35000","0.08742","0.05675"
"0.40000","0.10213","0.03251"
"0.45000","0.11708","0.03909"
"0.50000","0.13203","0.03756"
"0.55000","0.14717","0.06699"
"0.60000","0.16227","0.03203"
"0.65000","0.17698","0.04368"
"0.70000","0.19225","0.03696"
"0.75000","0.20707","0.05114"
"0.80000","0.22245","0.03864"
"0.85000","0.23696","0.06221"
"0.90000","0.25227","0.03974"
"0.95000","0.26703","0.05750"
"1.00000","0.28227","0.04371"
"1.05000","0.29700","0.04658"
"1.10000","0.31204","0.05916"
"1.15000","0.32719","0.04766"
"1.20000","0.34218","0.05561"
"1.25000","0.35723","0.05086"
"1.30000","0.37209","0.05421"
"1.35000","0.38734","0.04267"
"1.40000","0.40216","0.05536"
"1.45000","0.41723","0.06494"
"1.50000","0.43194","0.09882"
"1.55000","0.44720","0.06877"
"1.60000","0.46214","0.04736"
"1.65000","0.47718","0.02714"
"1.70000","0.49198","0.03615"
"1.75000","0.50707","0.02584"
"1.80000","0.52221","0.03174"
"1.85000","0.53735","0.04291"
"1.90000","0.55217","0.03883"
"1.95000","0.56704","0.03705"
"2.00000","0.58225","0.04919"
"2.05000","0.59711","0.04124"
"2.10000","0.61218","0.05199"
"2.15000","0.62689","0.05823"
"2.20000","0.64219","0.02271"
"2.25000","0.65701","0.06327"
"2.30000","0.67224","0.03063"
"2.35000","0.68693","0.05100"
"2.40000","0.70229","0.04541"
"2.45000","0.71720","0.02370"
"2.50000","0.73222","0.05373"
"2.55000","0.74707","0.05255"
"2.60000","0.76208","0.02499"
"2.65000","0.77731","0.03876"
"2.70000","0.79197","0.03792"
"2.75000","0.80711","0.04031"
"2.80000","0.82185","0.05314"
"2.85000","0.83733","0.02936"
"2.90000","0.85208","0.04395"
"2.95000","0.86717","0.04448"
"3.00000","0.88205","0.05690"
"3.05000","0.89734","0.02655"
"3.10000","0.91229","0.05985"
"3.15000","0.92717","0.04334"
"3.20000","0.94221","0.03990"
"3.25000","0.95705","0.06557"
"3.30000","0.97228","0.05148"
"3.35000","0.98694","0.04613"
"3.40000","1.00211","0.06801"
"3.45000","1.01696","0.05040"
"3.50000","1.03231","0.04468"
"3.55000","1.04711","0.05302"
"3.60000","1.06222","0.04551"
"3.65000","1.07720","0.05204"
"3.70000","1.09225","0.03656"
"3.75000","1.10712","0.04246"
"3.80000","1.12202","0.06108"
"3.85000","1.13715","0.03976"
"3.90000","1.15213","0.03526"
"3.95000","1.16717","0.05567"
"4.00000","1.18194","0.04299"
"4.05000","1.19709","0.06623"
"4.10000","1.21222","0.04682"
"4.15000","1.22737","0.05077"
"4.20000","1.24199","0.05462"
"4.25000","1.25723","0.06663"
"4.30000","1.27208","0.06141"
"4.35000","1.28730","0.05801"
"4.40000","1.30201","0.06150"
"4.45000","1.31694","0.06571"
"4.50000","1.33205","0.07176"
"4.55000","1.34709","0.05574"
"4.60000","1.36216","0.05458"
"4.65000","1.37697","0.06476"
"4.70000","1.39247","0.05973"
"4.75000","1.40712","0.05220"
"4.80000","1.42230","0.06623"
"4.85000","1.43688","0.03819"
"4.90000","1.45229","0.06824"
"4.95000","1.46712","0.05422"
"5.00000","1.48217","0.05488"
"5.05000","1.49701","0.04758"
"5.10000","1.51206","0.06225"
"5.15000","1.52731","0.04433"
"5.20000","1.54202","0.06828"
"5.25000","1.55719","0.05163"
"5.30000","1.57192","0.08553"
"5.35000","1.58751","0.07295"
"5.40000","1.60205","0.04042"
"5.45000","1.61723","0.04778"
"5.50000","1.63197","0.05539"
"5.55000","1.64728","0.04246"
"5.60000","1.66212","0.03992"
"5.65000","1.67702","0.06119"
"5.70000","1.69205","0.04050"
"5.75000","1.70710","0.06143"
"5.80000","1.72228","0.04444"
"5.85000","1.73711","0.04325"
"5.90000","1.75225","0.04355"
"5.95000","1.76708","0.06201"
"6.00000","1.78217","0.02967"
"6.05000","1.79694","0.05743"
"6.10000","1.81224","0.03731"
"6.15000","1.82715","0.05043"
"6.20000","1.84221","0.06841"
"6.25000","1.85705","0.04242"
"6.30000","1.87197","0.05245"
"6.35000","1.88709","0.05788"
"6.40000","1.90229","0.05893"
"6.45000","1.91725","0.05982"
"6.50000","1.93207","0.05762"
"6.55000","1.94729","0.03837"
"6.60000","1.96212","0.07338"
"6.65000","1.97734","0.05079"
"6.70000","1.99192","0.06021"
"6.75000","2.00706","0.04777"
"6.80000","2.02194","0.07096"
"6.85000","2.03734","0.05181"
"6.90000","2.05206","0.06624"
"6.95000","2.06718","0.04656"
"7.00000","2.08225","0.05507"
"7.05000","2.09729","0.05881"
"7.10000","2.11218","0.05885"
"7.15000","2.12694","0.06126"
"7.20000","2.14231","0.04921"
"7.25000","2.15702","0.06002"
"7.30000","2.17213","0.06215"
"7.35000","2.18673","0.07120"
"7.40000","2.20216","0.03905"
"7.45000","2.21701","0.06989"
"7.50000","2.23223","0.05236"
"7.55000","2.24712","0.05837"
"7.60000","2.26231","0.05249"
"7.65000","2.27729","0.05351"
"7.70000","2.29212","0.04907"
"7.75000","2.30726","0.06536"
"7.80000","2.32211","0.04547"
"7.85000","2.33737","0.05865"
"7.90000","2.35199","0.05348"
"7.95000","2.36714","0.06161"
"8.00000","2.38194","0.06012"
"8.05000","2.39730","0.05429"
"8.10000","2.41221","0.06016"
"8.15000","2.42722","0.06802"
"8.20000","2.44214","0.06102"
"8.25000","2.45721","0.05334"
"8.30000","2.47219","0.06756"
"8.35000","2.48709","0.05815"
"8.39400","2.50029","0.05496"
"8.39500","2.50059","0.05489"
"8.39600","2.50089","0.05489"
"8.44600","2.51040","-0.01105"
"8.49600","2.50180","0.05136"
"8.54600","2.48755","0.05425"
"8.59600","2.47020","0.07545"
"8.64600","2.45477","0.05939"
"8.69600","2.43952","0.07939"
"8.74600","2.42468","0.04889"
"8.79600","2.40956","0.08452"
"8.84600","2.39427","0.06666"
"8.89600","2.37929","0.06932"
"8.94600","2.36438","0.05557"
"8.99600","2.34962","0.06791"
"9.04600","2.33437","0.06207"
"9.09600","2.31953","0.06644"
"9.14600","2.30425","0.06406"
"9.19600","2.28960","0.05445"
"9.24600","2.27431","0.08095"
"9.29600","2.25942","0.05852"
"9.34600","2.24420","0.07454"
"9.39600","2.22943","0.07511"
"9.44600","2.21426","0.06290"
"9.49600","2.19925","0.06566"
"9.54600","2.18434","0.09357"
"9.59600","2.16940","0.05159"
"9.64600","2.15461","0.07814"
"9.69600","2.13931","0.07389"
"9.74600","2.12456","0.06975"
"9.79600","2.10931","0.07084"
"9.84600","2.09460","0.06446"
"9.89600","2.07923","0.06404"
"9.94600","2.06435","0.05722"
"9.99600","2.04913","0.07536"
"10.04600","2.03447","0.06549"
"10.09600","2.01931","0.07681"
"10.14600","2.00427","0.06090"
"10.19600","1.98944","0.07505"
"10.24600","1.97461","0.05985"
"10.29600","1.95960","0.08049"
"10.34600","1.94422","0.05183"
"10.39600","1.92949","0.08510"
"10.44600","1.91443","0.05602"
"10.49600","1.89945","0.08432"
"10.54600","1.88408","0.07829"
"10.59600","1.86926","0.05884"
"10.64600","1.85438","0.07267"
"10.69600","1.83940","0.07721"
"10.74600","1.82437","0.05605"
"10.79600","1.80938","0.06624"
"10.84600","1.79457","0.04800"
"10.89600","1.77952","0.05948"
"10.94600","1.76449","0.07259"
"10.99600","1.74934","0.05387"
"11.04600","1.73452","0.06307"
"11.09600","1.71927","0.05404"
"11.14600","1.70430","0.07040"
"11.19600","1.68913","0.05882"
"11.24600","1.67443","0.06212"
"11.29600","1.65938","0.04882"
"11.34600","1.64448","0.07347"
"11.39600","1.62934","0.05850"
"11.44600","1.61444","0.07288"
"11.49600","1.59955","0.06490"
"11.54600","1.58438","0.10733"
"11.59600","1.56950","0.06766"
"11.64600","1.55422","0.09066"
"11.69600","1.53949","0.06077"
"11.74600","1.52418","0.07024"
"11.79600","1.50942","0.07643"
"11.84600","1.49419","0.06686"
"11.89600","1.47956","0.06636"
"11.94600","1.46442","0.07293"
"11.99600","1.44938","0.07060"
"12.04600","1.43436","0.07425"
"12.09600","1.41943","0.08139"
"12.14600","1.40455","0.05736"
"12.19600","1.38923","0.08527"
"12.24600","1.37433","0.05951"
"12.29600","1.35921","0.07872"
"12.34600","1.34462","0.07105"
"12.39600","1.32915","0.08298"
"12.44600","1.31445","0.06429"
"12.49600","1.29938","0.10050"
"12.54600","1.28467","0.05919"
"12.59600","1.26936","0.08230"
"12.64600","1.25432","0.08263"
"12.69600","1.23940","0.06071"
"12.74600","1.22440","0.08399"
"12.79600","1.20944","0.05544"
"12.84600","1.19418","0.07499"
"12.89600","1.17937","0.07007"
"12.94600","1.16437","0.06182"
"12.99600","1.14946","0.04452"
"13.04600","1.13420","0.08302"
"13.09600","1.11948","0.05754"
"13.14600","1.10446","0.06989"
"13.19600","1.08951","0.05467"
"13.24600","1.07428","0.06965"
"13.29600","1.05941","0.06175"
"13.34600","1.04439","0.08613"
"13.39600","1.02933","0.05515"
"13.44600","1.01431","0.06650"
"13.49600","0.99925","0.06944"
"13.54600","0.98446","0.06435"
"13.59600","0.96944","0.07545"
"13.64600","0.95453","0.04809"
"13.69600","0.93919","0.07401"
"13.74600","0.92454","0.06820"
"13.79600","0.90940","0.07513"
"13.84600","0.89449","0.05295"
"13.89600","0.87924","0.08042"
"13.94600","0.86432","0.05822"
"13.99600","0.84930","0.07120"
"14.04600","0.83427","0.05684"
"14.09600","0.81931","0.06609"
"14.14600","0.80434","0.04289"
"14.19600","0.78960","0.07010"
"14.24600","0.77431","0.05336"
"14.29600","0.75951","0.05291"
"14.34600","0.74425","0.06988"
"14.39600","0.72950","0.05451"
"14.44600","0.71432","0.06878"
"14.49600","0.69932","0.05333"
"14.54600","0.68409","0.06937"
"14.59600","0.66939","0.06412"
"14.64600","0.65443","0.05786"
"14.69600","0.63927","0.05724"
"14.74600","0.62446","0.07260"
"14.79600","0.60949","0.04370"
"14.84600","0.59471","0.07863"
"14.89600","0.57926","0.05080"
"14.94600","0.56448","0.04996"
"14.99600","0.54931","0.06484"
"15.04600","0.53453","0.06200"
"15.09600","0.51924","0.03562"
"15.14600","0.50425","0.05870"
"15.19600","0.48927","0.04066"
"15.24600","0.47439","0.07295"
"15.29600","0.45941","0.11568"
"15.34600","0.44438","0.09671"
"15.39600","0.42953","0.07118"
"15.44600","0.41450","0.06544"
"15.49600","0.39954","0.06594"
"15.54600","0.38429","0.05537"
"15.59600","0.36944","0.06793"
"15.64600","0.35427","0.05153"
"15.69600","0.33935","0.08099"
"15.74600","0.32411","0.06632"
"15.79600","0.30941","0.06234"
"15.84600","0.29437","0.06863"
"15.89600","0.27958","0.08927"
"15.94600","0.26435","0.04947"
"15.99600","0.24933","0.07707"
"16.04600","0.23449","0.05020"
"16.09600","0.21944","0.06509"
"16.14600","0.20449","0.06640"
"16.19600","0.18921","0.05759"
"16.24600","0.17439","0.05335"
"16.29600","0.15923","0.06459"
"16.34600","0.14442","0.05106"
"16.39600","0.12918","0.05830"
"16.44600","0.11448","0.05847"
"16.49600","0.09949","0.04212"
"16.54600","0.08450","0.06682"
"16.59600","0.06936","0.04496"
"16.64600","0.05430","0.06097"
"16.69600","0.03960","0.05156"
"16.74600","0.02430","0.06961"
"16.79600","0.00935","0.04884"
"16.84600","-0.00583","0.07149"
"16.89600","-0.02032","0.04675"
"16.94600","-0.03569","0.08166"
"16.99600","-0.05050","0.05520"
"17.04600","-0.06564","0.06212"
"17.09600","-0.08040","0.06889"
"17.14600","-0.09555","0.06993"
"17.19600","-0.11070","0.06896"
"17.24600","-0.12557","0.06819"
"17.29600","-0.14068","0.05808"
"17.34600","-0.15552","0.05667"
"17.39600","-0.17080","0.08159"
"17.44600","-0.18565","0.05446"
"17.49600","-0.20073","0.06960"
"17.54600","-0.21550","0.05061"
"17.59600","-0.23071","0.07842"
"17.64600","-0.24554","0.05566"
"17.69600","-0.26059","0.06296"
"17.74600","-0.27541","0.04186"
"17.79600","-0.29062","0.07648"
"17.84600","-0.30567","0.05691"
"17.89600","-0.32071","0.05972"
"17.94600","-0.33574","0.06334"
"17.99600","-0.35064","0.05721"
"18.04600","-0.36573","0.05832"
"18.09600","-0.38056","0.07730"
"18.14600","-0.39560","0.06104"
"18.19600","-0.41038","0.05401"
"18.24600","-0.42575","0.07798"
"18.29600","-0.44054","0.06191"
"18.34600","-0.45565","0.09234"
"18.39600","-0.47047","0.04829"
"18.44600","-0.48572","0.06906"
"18.49600","-0.50076","0.06824"
"18.54600","-0.51574","0.07752"
"18.59600","-0.53068","0.05527"
"18.64600","-0.54556","0.06738"
"18.69600","-0.56067","0.05402"
"18.74600","-0.57545","0.06627"
"18.79600","-0.59060","0.05905"
"18.84600","-0.60545","0.05238"
"18.89600","-0.62075","0.05229"
"18.94600","-0.63558","0.06232"
"18.99600","-0.65061","0.04690"
"19.04600","-0.66564","0.05837"
"19.09600","-0.68087","0.06938"
"19.14600","-0.69569","0.04311"
"19.19600","-0.71051","0.09036"
"19.24600","-0.72571","0.07059"
"19.29600","-0.74048","0.07095"
"19.34600","-0.75563","0.08132"
"19.39600","-0.77031","0.08069"
"19.44600","-0.78566","0.08116"
"19.49600","-0.80053","0.10083"
"19.54600","-0.81576","0.06197"
"19.59600","-0.83059","0.10145"
"19.64600","-0.84570","0.07371"
"19.69600","-0.86072","0.08393"
"19.74600","-0.87568","0.07578"
"19.79600","-0.89067","0.08504"
"19.84600","-0.90556","0.07383"
"19.89600","-0.92061","0.07837"
"19.94600","-0.93544","0.08270"
"19.99600","-0.95062","0.06155"
"20.04600","-0.96543","0.08810"
"20.09600","-0.98072","0.07572"
"20.14600","-0.99550","0.06803"
"20.19600","-1.01076","0.07440"
"20.24600","-1.02562","0.08661"
"20.29600","-1.04084","0.07027"
"20.34600","-1.05555","0.08479"
"20.39600","-1.07072","0.07427"
"20.44600","-1.08551","0.08882"
"20.49600","-1.10052","0.07551"
"20.54600","-1.11564","0.07597"
"20.59600","-1.13051","0.08432"
"20.64600","-1.14560","0.08326"
"20.69600","-1.16044","0.07180"
"20.74600","-1.17579","0.09398"
"20.79600","-1.19067","0.08424"
"20.84600","-1.20590","0.09037"
"20.89600","-1.22057","0.08160"
"20.94600","-1.23577","0.07576"
"20.99600","-1.25058","0.08737"
"21.04600","-1.26557","0.06842"
"21.09600","-1.28051","0.08664"
"21.14600","-1.29549","0.07039"
"21.19600","-1.31070","0.08018"
"21.24600","-1.32553","0.04601"
"21.29600","-1.34071","0.09939"
"21.34600","-1.35559","0.06063"
"21.39600","-1.37084","0.07791"
"21.44600","-1.38556","0.06921"
"21.49600","-1.40076","0.07891"
"21.54600","-1.41551","0.06880"
"21.59600","-1.43063","0.08696"
"21.64600","-1.44550","0.07129"
"21.69600","-1.46048","0.07780"
"21.74600","-1.47567","0.09822"
"21.79600","-1.49058","0.07059"
"21.84600","-1.50574","0.09333"
"21.89600","-1.52052","0.07398"
"21.94600","-1.53573","0.09362"
"21.99600","-1.55064","0.08164"
"22.04600","-1.56575","0.09315"
"22.09600","-1.58050","0.05923"
"22.14600","-1.59556","0.11701"
"22.19600","-1.61061","0.06889"
"22.24600","-1.62571","0.09275"
"22.29600","-1.64055","0.08094"
"22.34600","-1.65552","0.07859"
"22.39600","-1.67058","0.07111"
"22.44600","-1.68560","0.08309"
"22.49600","-1.70076","0.06615"
"22.54600","-1.71551","0.06927"
"22.59600","-1.73069","0.09182"
"22.64600","-1.74555","0.10076"
"22.69600","-1.76077","0.11296"
"22.74600","-1.77539","0.08457"
"22.79600","-1.79074","0.10724"
"22.84600","-1.80559","0.08909"
"22.89600","-1.82072","0.11318"
"22.94600","-1.83549","0.08695"
"22.99600","-1.85061","0.11360"
"23.04600","-1.86572","0.09644"
"23.09600","-1.88077","0.11090"
"23.14600","-1.89574","0.10213"
"23.19600","-1.91047","0.09769"
"23.24600","-1.92568","0.09802"
"23.29600","-1.94048","0.10593"
"23.34600","-1.95559","0.08414"
"23.39600","-1.97035","0.09695"
"23.44600","-1.98573","0.10015"
"23.49600","-2.00059","0.09301"
"23.54600","-2.01549","0.09479"
"23.59600","-2.03044","0.07554"
"23.64600","-2.04591","0.09708"
"23.69600","-2.06082","0.09037"
"23.74600","-2.07557","0.08119"
"23.79600","-2.09066","0.08041"
"23.84600","-2.10550","0.09046"
"23.89600","-2.12062","0.08333"
"23.94600","-2.13539","0.10063"
"23.99600","-2.15061","0.08141"
"24.04600","-2.16549","0.09223"
"24.09600","-2.18068","0.09699"
"24.14600","-2.19561","0.09050"
"24.19600","-2.21068","0.09355"
"24.24600","-2.22567","0.09897"
"24.29600","-2.24072","0.08200"
"24.34600","-2.25575","0.10536"
"24.39600","-2.27048","0.08937"
"24.44600","-2.28559","0.07521"
"24.49600","-2.30044","0.08660"
"24.54600","-2.31562","0.08974"
"24.59600","-2.33044","0.07631"
"24.64600","-2.34561","0.07579"
"24.69600","-2.36055","0.08069"
"24.74600","-2.37581","0.07063"
"24.79600","-2.39068","0.09818"
"24.84600","-2.40574","0.06602"
"24.89600","-2.42061","0.07182"
"24.94600","-2.43567","0.07931"
"24.99600","-2.45050","0.07578"
"25.04600","-2.46537","0.06038"
"25.09600","-2.48070","0.08505"
"25.14600","-2.49553","0.06390"
"25.16100","-2.50014","0.08010"
"25.16200","-2.50044","0.08167"
"25.16300","-2.50075","0.08323"
"25.21300","-2.51044","0.12498"
"25.26300","-2.50228","0.09314"
"25.31300","-2.48826","0.07850"
"25.36300","-2.47019","0.07166"
"25.41300","-2.45489","0.05833"
"25.46300","-2.43980","0.06729"
"25.51300","-2.42472","0.07197"
"25.56300","-2.40937","0.08602"
"25.61300","-2.39460","0.05426"
"25.66300","-2.37948","0.06999"
"25.71300","-2.36458","0.09856"
"25.76300","-2.34919","0.06858"
"25.81300","-2.33449","0.06868"
"25.86300","-2.31948","0.07956"
"25.91300","-2.30462","0.08963"
"25.96300","-2.28932","0.07969"
"26.01300","-2.27444","0.08266"
"26.06300","-2.25954","0.07228"
"26.11300","-2.24458","0.10618"
"26.16300","-2.22943","0.08210"
"26.21300","-2.21434","0.09084"
"26.26300","-2.19950","0.08218"
"26.31300","-2.18445","0.08586"
"26.36300","-2.16950","0.08831"
"26.41300","-2.15426","0.09760"
"26.46300","-2.13970","0.07594"
"26.51300","-2.12444","0.08081"
"26.56300","-2.10953","0.08906"
"26.61300","-2.09440","0.07861"
"26.66300","-2.07959","0.07401"
"26.71300","-2.06445","0.07682"
"26.76300","-2.04940","0.07797"
"26.81300","-2.03438","0.08887"
"26.86300","-2.01930","0.08481"
"26.91300","-2.00459","0.07566"
"26.96300","-1.98937","0.09738"
"27.01300","-1.97456","0.08738"
"27.06300","-1.95926","0.08831"
"27.11300","-1.94471","0.08785"
"27.16300","-1.92947","0.09401"
"27.21300","-1.91451","0.08505"
"27.26300","-1.89941","0.10905"
"27.31300","-1.88455","0.08869"
"27.36300","-1.86954","0.09298"
"27.41300","-1.85429","0.09581"
"27.46300","-1.83948","0.10558"
"27.51300","-1.82430","0.08452"
"27.56300","-1.80968","0.09357"
"27.61300","-1.79424","0.08539"
"27.66300","-1.77963","0.10928"
"27.71300","-1.76440","0.09883"
"27.76300","-1.74973","0.09790"
"27.81300","-1.73434","0.06880"
"27.86300","-1.71945","0.05927"
"27.91300","-1.70444","0.08118"
"27.96300","-1.68952","0.05566"
"28.01300","-1.67442","0.06855"
"28.06300","-1.65928","0.06961"
"28.11300","-1.64448","0.07610"
"28.16300","-1.62953","0.06955"
"28.21300","-1.61456","0.08721"
"28.26300","-1.59930","0.06073"
"28.31300","-1.58455","0.09121"
"28.36300","-1.56953","0.07871"
"28.41300","-1.55461","0.07192"
"28.46300","-1.53936","0.07905"
"28.51300","-1.52439","0.07817"
"28.56300","-1.50933","0.06764"
"28.61300","-1.49452","0.06976"
"28.66300","-1.47930","0.07326"
"28.71300","-1.46437","0.06109"
"28.76300","-1.44949","0.07824"
"28.81300","-1.43448","0.06501"
"28.86300","-1.41956","0.06477"
"28.91300","-1.40444","0.06261"
"28.96300","-1.38973","0.08292"
"29.01300","-1.37443","0.04217"
"29.06300","-1.35955","0.08298"
"29.11300","-1.34419","0.04963"
"29.16300","-1.32955","0.06926"
"29.21300","-1.31439","0.06656"
"29.26300","-1.29950","0.05833"
"29.31300","-1.28438","0.06667"
"29.36300","-1.26939","0.07086"
"29.41300","-1.25466","0.06536"
"29.46300","-1.23940","0.07116"
"29.51300","-1.22461","0.07891"
"29.56300","-1.20931","0.05620"
"29.61300","-1.19471","0.09415"
"29.66300","-1.17930","0.06453"
"29.71300","-1.16450","0.06578"
"29.76300","-1.14917","0.07315"
"29.81300","-1.13452","0.07748"
"29.86300","-1.11938","0.05836"
"29.91300","-1.10433","0.07201"
"29.96300","-1.08945","0.05790"
"30.01300","-1.07452","0.06978"
"30.06300","-1.05971","0.07390"
"30.11300","-1.04429","0.06092"
"30.16300","-1.02958","0.05810"
"30.21300","-1.01439","0.06888"
"30.26300","-0.99957","0.06750"
"30.31300","-0.98423","0.06172"
"30.36300","-0.96948","0.05975"
"30.41300","-0.95439","0.05611"
"30.46300","-0.93961","0.07137"
"30.51300","-0.92436","0.07027"
"30.56300","-0.90936","0.05789"
"30.61300","-0.89448","0.06268"
"30.66300","-0.87962","0.06814"
"30.71300","-0.86454","0.06375"
"30.76300","-0.84939","0.07981"
"30.81300","-0.83440","0.05558"
"30.86300","-0.81938","0.08039"
"30.91300","-0.80453","0.07056"
"30.96300","-0.78921","0.06790"
"31.01300","-0.77458","0.06590"
"31.06300","-0.75937","0.05602"
"31.11300","-0.74460","0.06326"
"31.16300","-0.72942","0.06289"
"31.21300","-0.71461","0.03392"
"31.26300","-0.69951","0.03348"
"31.31300","-0.68451","0.04889"
"31.36300","-0.66945","0.03539"
"31.41300","-0.65425","0.03450"
"31.46300","-0.63956","0.03528"
"31.51300","-0.62441","0.02939"
"31.56300","-0.60956","0.04898"
"31.61300","-0.59425","0.04617"
"31.66300","-0.57963","0.03066"
"31.71300","-0.56449","0.04534"
"31.76300","-0.54954","0.05066"
"31.81300","-0.53440","0.04637"
"31.86300","-0.51942","0.05037"
"31.91300","-0.50461","0.04149"
"31.96300","-0.48934","0.03918"
"32.01300","-0.47446","0.07405"
"32.06300","-0.45919","0.02947"
"32.11300","-0.44466","0.05743"
"32.16300","-0.42930","0.04716"
"32.21300","-0.41460","0.04446"
"32.26300","-0.39931","0.04984"
"32.31300","-0.38465","0.04337"
"32.36300","-0.36952","0.03409"
"32.41300","-0.35441","0.03917"
"32.46300","-0.33939","0.05283"
"32.51300","-0.32437","0.02464"
"32.56300","-0.30949","0.04523"
"32.61300","-0.29424","0.03105"
"32.66300","-0.27942","0.04857"
"32.71300","-0.26442","0.04348"
"32.76300","-0.24968","0.04065"
"32.81300","-0.23435","0.03253"
"32.86300","-0.21950","0.05492"
"32.91300","-0.20444","0.02681"
"32.96300","-0.18968","0.04926"
"33.01300","-0.17446","0.04490"
"33.06300","-0.15933","0.04154"
"33.11300","-0.14425","0.04928"
"33.16300","-0.12951","0.04704"
"33.21300","-0.11446","0.03977"
"33.26300","-0.09936","0.04972"
"33.31300","-0.08448","0.05029"
"33.36300","-0.06946","0.04125"
"33.41300","-0.05467","0.05685"
"33.46300","-0.03938","0.02851"
"33.51300","-0.02464","0.05575"
"33.56300","-0.00946","0.04326"
"33.61300","0.00529","0.03646"
"33.66300","0.02072","0.03364"
"33.71300","0.03555","0.05203"
"33.76300","0.05066","0.02670"
"33.81300","0.06544","0.03584"
"33.86300","0.08062","0.02494"
"33.91300","0.09571","0.03593"
"33.96300","0.11037","0.05153"
"34.01300","0.12550","0.02827"
"34.06300","0.14029","0.05206"
"34.11300","0.15574","0.03014"
"34.16300","0.17037","0.04786"
"34.21300","0.18558","0.04110"
"34.26300","0.20049","0.04454"
"34.31300","0.21582","0.02229"
"34.36300","0.23057","0.05942"
"34.41300","0.24552","0.04366"
"34.46300","0.26061","0.04503"
"34.51300","0.27555","0.03475"
"34.56300","0.29063","0.05684"
"34.61300","0.30527","0.04668"
"34.66300","0.32058","0.05196"
"34.71300","0.33545","0.04355"
"34.76300","0.35070","0.03636"
"34.81300","0.36546","0.05675"
"34.86300","0.38066","0.04462"
"34.91300","0.39562","0.04292"
"34.96300","0.41069","0.06113"
"35.01300","0.42543","0.07561"
"35.06300","0.44047","0.09449"
"35.11300","0.45561","0.04768"
"35.16300","0.47056","0.01049"
"35.21300","0.48549","0.04345"
"35.26300","0.50036","0.02586"
"35.31300","0.51556","0.04229"
"35.36300","0.53060","0.03900"
"35.41300","0.54571","0.03577"
"35.46300","0.56036","0.04327"
"35.51300","0.57568","0.05003"
"35.56300","0.59045","0.04070"
"35.61300","0.60570","0.04206"
"35.66300","0.62040","0.04651"
"35.71300","0.63548","0.03953"
"35.76300","0.65052","0.03909"
"35.81300","0.66555","0.03680"
"35.86300","0.68048","0.04219"
"35.91300","0.69536","0.05034"
"35.96300","0.71079","0.03844"
"36.01300","0.72545","0.03900"
"36.06300","0.74061","0.05243"
"36.11300","0.75530","0.03865"
"36.16300","0.77075","0.03729"
"36.21300","0.78548","0.03886"
"36.26300","0.80053","0.03289"
"36.31300","0.81536","0.03672"
"36.36300","0.83053","0.05789"
"36.41300","0.84573","0.03055"
"36.46300","0.86041","0.04473"
"36.51300","0.87559","0.04854"
"36.56300","0.89043","0.05893"
"36.61300","0.90591","0.05251"
"36.66300","0.92043","0.04969"
"36.71300","0.93564","0.04654"
"36.76300","0.95038","0.05692"
"36.81300","0.96570","0.05394"
"36.86300","0.98047","0.04062"
"36.91300","0.99543","0.05617"
"36.96300","1.01048","0.03332"
"37.01300","1.02556","0.05934"
"37.06300","1.04069","0.03873"
"37.11300","1.05545","0.04619"
"37.16300","1.07070","0.02282"
"37.21300","1.08552","0.06721"
"37.26300","1.10059","0.03400"
"37.31300","1.11531","0.04910"
"37.36300","1.13052","0.03797"
"37.41300","1.14548","0.04635"
"37.46300","1.16066","0.04211"
"37.51300","1.17542","0.04714"
"37.56300","1.19044","0.04534"
"37.61300","1.20559","0.04897"
"37.66300","1.22078","0.04029"
"37.71300","1.23559","0.04494"
"37.76300","1.25043","0.05921"
"37.81300","1.26564","0.03659"
"37.86300","1.28049","0.08087"
"37.91300","1.29557","0.04946"
"37.96300","1.31023","0.06489"
"38.01300","1.32551","0.05770"
"38.06300","1.34036","0.06734"
"38.11300","1.35570","0.04422"
"38.16300","1.37040","0.06878"
"38.21300","1.38575","0.04111"
"38.26300","1.40063","0.05491"
"38.31300","1.41568","0.06232"
"38.36300","1.43045","0.04479"
"38.41300","1.44543","0.04751"
"38.46300","1.46071","0.06006"
"38.51300","1.47544","0.05484"
"38.56300","1.49051","0.04654"
"38.61300","1.50523","0.05608"
"38.66300","1.52074","0.03859"
"38.71300","1.53545","0.07255"
"38.76300","1.55061","0.05089"
"38.81300","1.56540","0.07351"
"38.86300","1.58079","0.05718"
"38.91300","1.59568","0.06149"
"38.96300","1.61057","0.03176"
"39.01300","1.62557","0.05429"
"39.06300","1.64043","0.03339"
"39.11300","1.65569","0.03411"
"39.16300","1.67036","0.05507"
"39.21300","1.68548","0.03808"
"39.26300","1.70034","0.04674"
"39.31300","1.71568","0.03918"
"39.36300","1.73052","0.04487"
"39.41300","1.74557","0.05070"
"39.46300","1.76056","0.04700"
"39.51300","1.77569","0.02577"
"39.56300","1.79061","0.06077"
"39.61300","1.80553","0.04018"
"39.66300","1.82056","0.04963"
"39.71300","1.83555","0.04539"
"39.76300","1.85053","0.06556"
"39.81300","1.86534","0.04959"
"39.86300","1.88040","0.06513"
"39.91300","1.89550","0.05551"
"39.96300","1.91074","0.05895"
"40.01300","1.92548","0.05687"
"40.06300","1.94069","0.04865"
"40.11300","1.95553","0.05979"
"40.16300","1.97079","0.05234"
"40.21300","1.98552","0.04990"
"40.26300","2.00035","0.06365"
"40.31300","2.01544","0.04966"
"40.36300","2.03053","0.04123"
"40.41300","2.04563","0.06618"
"40.46300","2.06035","0.04969"
"40.51300","2.07575","0.04574"
"40.56300","2.09046","0.05238"
"40.61300","2.10576","0.04520"
"40.66300","2.12031","0.06764"
"40.71300","2.13568","0.06860"
"40.76300","2.15048","0.04056"
"40.81300","2.16553","0.06668"
"40.86300","2.18032","0.05908"
"40.91300","2.19529","0.05923"
"40.96300","2.21064","0.05989"
"41.01300","2.22550","0.04694"
"41.06300","2.24068","0.06211"
"41.11300","2.25526","0.06788"
"41.16300","2.27087","0.06032"
"41.21300","2.28551","0.04143"
"41.26300","2.30077","0.06622"
"41.31300","2.31548","0.05329"
"41.36300","2.33071","0.05036"
"41.41300","2.34555","0.05156"
"41.46300","2.36053","0.04277"
"41.51300","2.37549","0.04941"
"41.56300","2.39052","0.06911"
"41.61300","2.40572","0.04491"
"41.66300","2.42053","0.06316"
"41.71300","2.43560","0.05648"
"41.76300","2.45045","0.07555"
"41.81300","2.46566","0.06664"
"41.86300","2.48043","0.05863"
"41.91300","2.49547","0.04641"
"41.92900","2.50025","0.04877"
"41.93000","2.50055","0.04938"
"41.93100","2.50085","0.04992"
"41.98100","2.51045","-0.01211"
"42.03100","2.50189","0.07130"
"42.08100","2.48762","0.03769"
"42.13100","2.47024","0.08056"
"42.18100","2.45483","0.06645"
"42.23100","2.43959","0.07805"
"42.28100","2.42472","0.06314"
"42.33100","2.40963","0.06634"
"42.38100","2.39436","0.05945"
"42.43100","2.37934","0.07631"
"42.48100","2.36443","0.04913"
"42.53100","2.34966","0.06067"
"42.58100","2.33446","0.07010"
"42.63100","2.31957","0.05255"
"42.68100","2.30432","0.06863"
"42.73100","2.28967","0.06162"
"42.78100","2.27437","0.05985"
"42.83100","2.25950","0.05877"
"42.88100","2.24427","0.08379"
"42.93100","2.22950","0.06270"
"42.98100","2.21431","0.07031"
"43.03100","2.19932","0.06526"
"43.08100","2.18442","0.07331"
"43.13100","2.16947","0.06968"
"43.18100","2.15465","0.07241"
"43.23100","2.13937","0.06470"
"43.28100","2.12463","0.06619"
"43.33100","2.10938","0.06886"
"43.38100","2.09465","0.05947"
"43.43100","2.07926","0.06890"
"43.48100","2.06440","0.03980"
"43.53100","2.04921","0.08322"
"43.58100","2.03453","0.06939"
"43.63100","2.01934","0.05570"
"43.68100","2.00435","0.06962"
"43.73100","1.98948","0.06477"
"43.78100","1.97466","0.06283"
"43.83100","1.95969","0.07808"
"43.88100","1.94427","0.04956"
"43.93100","1.92952","0.06691"
"43.98100","1.91449","0.07915"
"44.03100","1.89956","0.07024"
"44.08100","1.88418","0.06805"
"44.13100","1.86931","0.06240"
"44.18100","1.85441","0.06995"
"44.23100","1.83943","0.07096"
"44.28100","1.82439","0.07009"
"44.33100","1.80944","0.04707"
"44.38100","1.79464","0.06644"
"44.43100","1.77957","0.05428"
"44.48100","1.76455","0.05704"
"44.53100","1.74938","0.06752"
"44.58100","1.73457","0.05677"
"44.63100","1.71933","0.06440"
"44.68100","1.70436","0.07681"
"44.73100","1.68920","0.05653"
"44.78100","1.67449","0.05941"
"44.83100","1.65945","0.06650"
"44.88100","1.64453","0.06572"
"44.93100","1.62939","0.06568"
"44.98100","1.61452","0.06813"
"45.03100","1.59962","0.07722"
"45.08100","1.58443","0.10403"
"45.13100","1.56955","0.07597"
"45.18100","1.55428","0.07192"
"45.23100","1.53953","0.07031"
"45.28100","1.52426","0.08616"
"45.33100","1.50948","0.06432"
"45.38100","1.49425","0.07659"
"45.43100","1.47961","0.07685"
"45.48100","1.46447","0.07373"
"45.53100","1.44944","0.08161"
"45.58100","1.43441","0.06991"
"45.63100","1.41949","0.08703"
"45.68100","1.40461","0.07395"
"45.73100","1.38930","0.07887"
"45.78100","1.37439","0.08146"
"45.83100","1.35926","0.07468"
"45.88100","1.34468","0.08128"
"45.93100","1.32923","0.09919"
"45.98100","1.31451","0.07704"
"46.03100","1.29945","0.08767"
"46.08100","1.28473","0.08439"
"46.13100","1.26941","0.07946"
"46.18100","1.25439","0.08291"
"46.23100","1.23946","0.08178"
"46.28100","1.22447","0.06646"
"46.33100","1.20949","0.07687"
"46.38100","1.19422","0.09342"
"46.43100","1.17944","0.05707"
"46.48100","1.16441","0.08151"
"46.53100","1.14952","0.06413"
"46.58100","1.13429","0.08175"
"46.63100","1.11951","0.08314"
"46.68100","1.10453","0.05269"
"46.73100","1.08958","0.07673"
"46.78100","1.07437","0.08451"
"46.83100","1.05945","0.06829"
"46.88100","1.04444","0.08605"
"46.93100","1.02937","0.06719"
"46.98100","1.01436","0.07166"
"47.03100","0.99931","0.08031"
"47.08100","0.98447","0.07897"
"47.13100","0.96950","0.06772"
"47.18100","0.95460","0.06161"
"47.23100","0.93930","0.08669"
"47.28100","0.92458","0.07310"
"47.33100","0.90946","0.07435"
"47.38100","0.89454","0.06916"
"47.43100","0.87931","0.08127"
"47.48100","0.86436","0.07142"
"47.53100","0.84936","0.07145"
"47.58100","0.83433","0.06162"
"47.63100","0.81937","0.07502"
"47.68100","0.80437","0.04629"
"47.73100","0.78970","0.08085"
"47.78100","0.77443","0.05958"
"47.83100","0.75958","0.06132"
"47.88100","0.74428","0.08262"
"47.93100","0.72957","0.05931"
"47.98100","0.71439","0.06660"
"48.03100","0.69938","0.07755"
"48.08100","0.68416","0.06163"
"48.13100","0.66944","0.06588"
"48.18100","0.65451","0.06050"
"48.23100","0.63932","0.05678"
"48.28100","0.62450","0.06874"
"48.33100","0.60955","0.06541"
"48.38100","0.59478","0.05560"
"48.43100","0.57932","0.06053"
"48.48100","0.56453","0.05163"
"48.53100","0.54937","0.05725"
"48.58100","0.53458","0.06589"
"48.63100","0.51931","0.04072"
"48.68100","0.50433","0.04239"
"48.73100","0.48933","0.05959"
"48.78100","0.47445","0.08661"
"48.83100","0.45949","0.10095"
"48.88100","0.44442","0.11739"
"48.93100","0.42959","0.05779"
"48.98100","0.41454","0.07503"
"49.03100","0.39963","0.07157"
"49.08100","0.38434","0.05794"
"49.13100","0.36948","0.06883"
"49.18100","0.35432","0.08059"
"49.23100","0.33949","0.06967"
"49.28100","0.32419","0.07760"
"49.33100","0.30947","0.06475"
"49.38100","0.29444","0.07142"
"49.43100","0.27964","0.08453"
"49.48100","0.26440","0.05972"
"49.53100","0.24938","0.06581"
"49.58100","0.23454","0.05784"
"49.63100","0.21948","0.06931"
"49.68100","0.20459","0.05589"
"49.73100","0.18929","0.06830"
"49.78100","0.17442","0.05523"
"49.83100","0.15928","0.07059"
"49.88100","0.14452","0.06055"
"49.93100","0.12926","0.05668"
"49.98100","0.11455","0.05809"
"50.03100","0.09954","0.05829"
"50.08100","0.08456","0.05725"
"50.13100","0.06944","0.05558"
"50.18100","0.05434","0.05869"
"50.23100","0.03967","0.06419"
"50.28100","0.02437","0.06741"
"50.33100","0.00937","0.05040"
"50.38100","-0.00580","0.07440"
"50.43100","-0.02031","0.05707"
"50.48100","-0.03563","0.06764"
"50.53100","-0.05046","0.06085"
"50.58100","-0.06560","0.07327"
"50.63100","-0.08034","0.05859"
"50.68100","-0.09547","0.08121"
"50.73100","-0.11065","0.06603"
"50.78100","-0.12551","0.05868"
"50.83100","-0.14061","0.06806"
"50.88100","-0.15546","0.05090"
"50.93100","-0.17076","0.07422"
"50.98100","-0.18556","0.06998"
"51.03100","-0.20066","0.03506"
"51.08100","-0.21544","0.06684"
"51.13100","-0.23066","0.07329"
"51.18100","-0.24548","0.05240"
"51.23100","-0.26052","0.06634"
"51.28100","-0.27538","0.05166"
"51.33100","-0.29052","0.05900"
"51.38100","-0.30557","0.06996"
"51.43100","-0.32064","0.06494"
"51.48100","-0.33565","0.04309"
"51.53100","-0.35059","0.06885"
"51.58100","-0.36567","0.06231"
"51.63100","-0.38057","0.06709"
"51.68100","-0.39557","0.08271"
"51.73100","-0.41032","0.06252"
"51.78100","-0.42569","0.07060"
"51.83100","-0.44047","0.08341"
"51.88100","-0.45559","0.06716"
"51.93100","-0.47039","0.06238"
"51.98100","-0.48564","0.08426"
"52.03100","-0.50070","0.06301"
"52.08100","-0.51569","0.08207"
"52.13100","-0.53062","0.06062"
"52.18100","-0.54551","0.05831"
"52.23100","-0.56062","0.07657"
"52.28100","-0.57539","0.06215"
"52.33100","-0.59054","0.05908"
"52.38100","-0.60539","0.06994"
"52.43100","-0.62067","0.05882"
"52.48100","-0.63556","0.07204"
"52.53100","-0.65054","0.05889"
"52.58100","-0.66561","0.06059"
"52.63100","-0.68081","0.06528"
"52.68100","-0.69565","0.06942"
"52.73100","-0.71045","0.07491"
"52.78100","-0.72566","0.08543"
"52.83100","-0.74038","0.07192"
"52.88100","-0.75554","0.08807"
"52.93100","-0.77026","0.08404"
"52.98100","-0.78560","0.07754"
"53.03100","-0.80047","0.08779"
"53.08100","-0.81573","0.08873"
"53.13100","-0.83052","0.07962"
"53.18100","-0.84563","0.08531"
"53.23100","-0.86066","0.08910"
"53.28100","-0.87562","0.06688"
"53.33100","-0.89062","0.10050"
"53.38100","-0.90548","0.07321"
"53.43100","-0.92057","0.07989"
"53.48100","-0.93538","0.07900"
"53.53100","-0.95055","0.08080"
"53.58100","-0.96536","0.07104"
"53.63100","-0.98064","0.08369"
"53.68100","-0.99547","0.06891"
"53.73100","-1.01072","0.08436"
"53.78100","-1.02557","0.08922"
"53.83100","-1.04074","0.08025"
"53.88100","-1.05550","0.07869"
"53.93100","-1.07065","0.09006"
"53.98100","-1.08542","0.08433"
"54.03100","-1.10045","0.08090"
"54.08100","-1.11555","0.08572"
"54.13100","-1.13047","0.07165"
"54.18100","-1.14554","0.10233"
"54.23100","-1.16039","0.06948"
"54.28100","-1.17574","0.09018"
"54.33100","-1.19062","0.09078"
"54.38100","-1.20586","0.09065"
"54.43100","-1.22049","0.07464"
"54.48100","-1.23571","0.10222"
"54.53100","-1.25053","0.06304"
"54.58100","-1.26552","0.08803"
"54.63100","-1.28044","0.09160"
"54.68100","-1.29545","0.07056"
"54.73100","-1.31062","0.07188"
"54.78100","-1.32547","0.08091"
"54.83100","-1.34062","0.08883"
"54.88100","-1.35553","0.07186"
"54.93100","-1.37080","0.08344"
"54.98100","-1.38549","0.06936"
"55.03100","-1.40073","0.10599"
"55.08100","-1.41543","0.06740"
"55.13100","-1.43060","0.09001"
"55.18100","-1.44544","0.08545"
"55.23100","-1.46044","0.08920"
"55.28100","-1.47559","0.08940"
"55.33100","-1.49053","0.09359"
"55.38100","-1.50569","0.09036"
"55.43100","-1.52044","0.09289"
"55.48100","-1.53568","0.10225"
"55.53100","-1.55056","0.08487"
"55.58100","-1.56569","0.09776"
"55.63100","-1.58050","0.09058"
"55.68100","-1.59551","0.10077"
"55.73100","-1.61041","0.09129"
"55.78100","-1.62566","0.09347"
"55.83100","-1.64056","0.08927"
"55.88100","-1.65546","0.08561"
"55.93100","-1.67053","0.08442"
"55.98100","-1.68552","0.08277"
"56.03100","-1.70070","0.08245"
"56.08100","-1.71544","0.07747"
"56.13100","-1.73067","0.09295"
"56.18100","-1.74548","0.13088"
"56.23100","-1.76067","0.11090"
"56.28100","-1.77533","0.10452"
"56.33100","-1.79071","0.11495"
"56.38100","-1.80554","0.10150"
"56.43100","-1.82066","0.11813"
"56.48100","-1.83542","0.09272"
"56.53100","-1.85052","0.11306"
"56.58100","-1.86565","0.11651"
"56.63100","-1.88070","0.09227"
"56.68100","-1.89570","0.10918"
"56.73100","-1.91040","0.10512"
"56.78100","-1.92566","0.09364"
"56.83100","-1.94046","0.11838"
"56.88100","-1.95554","0.08778"
"56.93100","-1.97027","0.10459"
"56.98100","-1.98566","0.10363"
"57.03100","-2.00054","0.09923"
"57.08100","-2.01554","0.09700"
"57.13100","-2.03037","0.09175"
"57.18100","-2.04566","0.09607"
"57.23100","-2.06075","0.09185"
"57.28100","-2.07557","0.09316"
"57.33100","-2.09059","0.09408"
"57.38100","-2.10542","0.08901"
"57.43100","-2.12055","0.10941"
"57.48100","-2.13530","0.08146"
"57.53100","-2.15055","0.10313"
"57.58100","-2.16546","0.09379"
"57.63100","-2.18064","0.09106"
"57.68100","-2.19559","0.11542"
"57.73100","-2.21061","0.08576"
"57.78100","-2.22562","0.10306"
"57.83100","-2.24068","0.11903"
"57.88100","-2.25571","0.08857"
"57.93100","-2.27043","0.08873"
"57.98100","-2.28552","0.10917"
"58.03100","-2.30038","0.08199"
"58.08100","-2.31555","0.09511"
"58.13100","-2.33035","0.09740"
"58.18100","-2.34553","0.08589"
"58.23100","-2.36050","0.08251"
"58.28100","-2.37576","0.09317"
"58.33100","-2.39063","0.08671"
"58.38100","-2.40567","0.07642"
"58.43100","-2.42054","0.08429"
"58.48100","-2.43563","0.07248"
"58.53100","-2.45049","0.09818"
"58.58100","-2.46530","0.06025"
"58.63100","-2.48053","0.08382"
"58.68100","-2.49544","0.08728"
"58.69600","-2.50009","0.08786"
"58.69700","-2.50040","0.08770"
"58.69800","-2.50071","0.08745"
"58.74800","-2.51043","0.14729"
"58.79800","-2.50233","0.06808"
"58.84800","-2.48831","0.11833"
"58.89800","-2.47016","0.07164"
"58.94800","-2.45488","0.06372"
"58.99800","-2.43980","0.08056"
"59.04800","-2.42473","0.08702"
"59.09800","-2.40938","0.07805"
"59.14800","-2.39460","0.07383"
"59.19800","-2.37948","0.07592"
"59.24800","-2.36457","0.09423"
"59.29800","-2.34919","0.08917"
"59.34800","-2.33447","0.06598"
"59.39800","-2.31947","0.09058"
"59.44800","-2.30463","0.08671"
"59.49800","-2.28934","0.08771"
"59.54800","-2.27442","0.08386"
"59.59800","-2.25954","0.09270"
"59.64800","-2.24459","0.08032"
"59.69800","-2.22945","0.09831"
"59.74800","-2.21434","0.08661"
"59.79800","-2.19947","0.08491"
"59.84800","-2.18445","0.09365"
"59.89800","-2.16952","0.09648"
"59.94800","-2.15429","0.08634"
"59.99800","-2.13968","0.09282"
"60.04800","-2.12444","0.08902"
"60.09800","-2.10951","0.09171"
"60.14800","-2.09440","0.10150"
"60.19800","-2.07959","0.07102"
"60.24800","-2.06448","0.08721"
"60.29800","-2.04941","0.08827"
"60.34800","-2.03443","0.09044"
"60.39800","-2.01928","0.08913"
"60.44800","-2.00454","0.09230"
"60.49800","-1.98938","0.08964"
"60.54800","-1.97457","0.11268"
"60.59800","-1.95925","0.08458"
"60.64800","-1.94472","0.09648"
"60.69800","-1.92947","0.09745"
"60.74800","-1.91452","0.09551"
"60.79800","-1.89937","0.11189"
"60.84800","-1.88457","0.09814"
"60.89800","-1.86953","0.09440"
"60.94800","-1.85427","0.10447"
"60.99800","-1.83949","0.10734"
"61.04800","-1.82432","0.08202"
"61.09800","-1.80966","0.09636"
"61.14800","-1.79425","0.09032"
"61.19800","-1.77965","0.10855"
"61.24800","-1.76440","0.10720"
"61.29800","-1.74972","0.11602"
"61.34800","-1.73434","0.06279"
"61.39800","-1.71948","0.08005"
"61.44800","-1.70443","0.06673"
"61.49800","-1.68951","0.07186"
"61.54800","-1.67442","0.06956"
"61.59800","-1.65927","0.07141"
"61.64800","-1.64450","0.08406"
"61.69800","-1.62953","0.07346"
"61.74800","-1.61455","0.08059"
"61.79800","-1.59931","0.06965"
"61.84800","-1.58454","0.09151"
"61.89800","-1.56952","0.07264"
"61.94800","-1.55462","0.08677"
"61.99800","-1.53935","0.06319"
"62.04800","-1.52439","0.08984"
"62.09800","-1.50934","0.07801"
"62.14800","-1.49451","0.07295"
"62.19800","-1.47933","0.07583"
"62.24800","-1.46437","0.07556"
"62.29800","-1.44950","0.07319"
"62.34800","-1.43449","0.06753"
"62.39800","-1.41955","0.07502"
"62.44800","-1.40443","0.05377"
"62.49800","-1.38975","0.09052"
"62.54800","-1.37443","0.05104"
"62.59800","-1.35953","0.06395"
"62.64800","-1.34420","0.06513"
"62.69800","-1.32959","0.07186"
"62.74800","-1.31445","0.05727"
"62.79800","-1.29946","0.07379"
"62.84800","-1.28432","0.05408"
"62.89800","-1.26937","0.08009"
"62.94800","-1.25467","0.07477"
"62.99800","-1.23939","0.06522"
"63.04800","-1.22462","0.08734"
"63.09800","-1.20933","0.07109"
"63.14800","-1.19471","0.07788"
"63.19800","-1.17930","0.08044"
"63.24800","-1.16450","0.07121"
"63.29800","-1.14916","0.05994"
"63.34800","-1.13451","0.08926"
"63.39800","-1.11941","0.06329"
"63.44800","-1.10431","0.06375"
"63.49800","-1.08948","0.06387"
"63.54800","-1.07450","0.06322"
"63.59800","-1.05971","0.05370"
"63.64800","-1.04430","0.07209"
"63.69800","-1.02958","0.04199"
"63.74800","-1.01440","0.07651"
"63.79800","-0.99961","0.05849"
"63.84800","-0.98423","0.06445"
"63.89800","-0.96946","0.05544"
"63.94800","-0.95440","0.07130"
"63.99800","-0.93962","0.05702"
"64.04800","-0.92434","0.07838"
"64.09800","-0.90935","0.05755"
"64.14800","-0.89451","0.05768"
"64.19800","-0.87963","0.07789"
"64.24800","-0.86453","0.06222"
"64.29800","-0.84936","0.07232"
"64.34800","-0.83436","0.05961"
"64.39800","-0.81934","0.06873"
"64.44800","-0.80457","0.06611"
"64.49800","-0.78920","0.07852"
"64.54800","-0.77459","0.04436"
"64.59800","-0.75937","0.06251"
"64.64800","-0.74461","0.05934"
"64.69800","-0.72942","0.07102"
"64.74800","-0.71456","0.03368"
"64.79800","-0.69949","0.04335"
"64.84800","-0.68453","0.03496"
"64.89800","-0.66946","0.05921"
"64.94800","-0.65428","0.02326"
"64.99800","-0.63958","0.03850"
"65.04800","-0.62443","0.03856"
"65.09800","-0.60957","0.03932"
"65.14800","-0.59425","0.04932"
"65.19800","-0.57962","0.04083"
"65.24800","-0.56451","0.03976"
"65.29800","-0.54955","0.05434"
"65.34800","-0.53440","0.05491"
"65.39800","-0.51942","0.04017"
"65.44800","-0.50462","0.05841"
"65.49800","-0.48932","0.03105"
"65.54800","-0.47449","0.07550"
"65.59800","-0.45921","0.04699"
"65.64800","-0.44469","0.05533"
"65.69800","-0.42932","0.04315"
"65.74800","-0.41459","0.06704"
"65.79800","-0.39929","0.03852"
"65.84800","-0.38468","0.05054"
"65.89800","-0.36950","0.04080"
"65.94800","-0.35441","0.03340"
"65.99800","-0.33942","0.05529"
"66.04800","-0.32439","0.03632"
"66.09800","-0.30945","0.02783"
"66.14800","-0.29422","0.04151"
"66.19800","-0.27943","0.04329"
"66.24800","-0.26443","0.02993"
"66.29800","-0.24968","0.05876"
"66.34800","-0.23435","0.01186"
"66.39800","-0.21952","0.05526"
"66.44800","-0.20443","0.04264"
"66.49800","-0.18970","0.03611"
"66.54800","-0.17443","0.03708"
"66.59800","-0.15933","0.05622"
"66.64800","-0.14423","0.03735"
"66.69800","-0.12953","0.05334"
"66.74800","-0.11443","0.04212"
"66.79800","-0.09936","0.05226"
"66.84800","-0.08450","0.04903"
"66.89800","-0.06947","0.04349"
"66.94800","-0.05467","0.04520"
"66.99800","-0.03939","0.04047"
"67.04800","-0.02465","0.05565"
"67.09800","-0.00946","0.03394"
"67.14800","0.00531","0.04737"
"67.19800","0.02075","0.02563"
"67.24800","0.03554","0.04904"
"67.29800","0.05065","0.03291"
"67.34800","0.06545","0.02872"
"67.39800","0.08063","0.03446"
"67.44800","0.09571","0.03605"
"67.49800","0.11039","0.04075"
"67.54800","0.12551","0.04540"
"67.59800","0.14029","0.02771"
"67.64800","0.15575","0.04805"
"67.69800","0.17036","0.04805"
"67.74800","0.18560","0.04240"
"67.79800","0.20048","0.05135"
"67.84800","0.21580","0.03542"
"67.89800","0.23057","0.05693"
"67.94800","0.24552","0.05069"
"67.99800","0.26060","0.05543"
"68.04800","0.27556","0.04275"
"68.09800","0.29065","0.06388"
"68.14800","0.30527","0.05546"
"68.19800","0.32059","0.05057"
"68.24800","0.33543","0.05710"
"68.29800","0.35071","0.04179"
"68.34800","0.36545","0.04254"
"68.39800","0.38063","0.06427"
"68.44800","0.39562","0.03369"
"68.49800","0.41068","0.05594"
"68.54800","0.42544","0.09517"
"68.59800","0.44045","0.08163"
"68.64800","0.45564","0.03884"
"68.69800","0.47058","0.02675"
"68.74800","0.48548","0.02916"
"68.79800","0.50033","0.03896"
"68.84800","0.51558","0.04849"
"68.89800","0.53059","0.02143"
"68.94800","0.54569","0.05766"
"68.99800","0.56038","0.03093"
"69.04800","0.57567","0.04266"
"69.09800","0.59044","0.05770"
"69.14800","0.60569","0.02963"
"69.19800","0.62041","0.04196"
"69.24800","0.63549","0.06034"
"69.29800","0.65052","0.03320"
"69.34800","0.66555","0.04847"
"69.39800","0.68045","0.04817"
"69.44800","0.69538","0.04908"
"69.49800","0.71079","0.04878"
"69.54800","0.72547","0.04683"
"69.59800","0.74060","0.05123"
"69.64800","0.75529","0.05757"
"69.69800","0.77076","0.04226"
"69.74800","0.78546","0.03830"
"69.79800","0.80051","0.04844"
"69.84800","0.81536","0.04302"
"69.89800","0.83057","0.05417"
"69.94800","0.84568","0.03167"
"69.99800","0.86041","0.04972"
"70.04800","0.87561","0.03675"
"70.09800","0.89048","0.06809"
"70.14800","0.90594","0.03871"
"70.19800","0.92041","0.06215"
"70.24800","0.93564","0.03707"
"70.29800","0.95037","0.06332"
"70.34800","0.96570","0.05276"
"70.39800","0.98044","0.05599"
"70.44800","0.99545","0.05171"
"70.49800","1.01050","0.05087"
"70.54800","1.02557","0.05696"
"70.59800","1.04069","0.04488"
"70.64800","1.05546","0.05404"
"70.69800","1.07069","0.03641"
"70.74800","1.08551","0.06599"
"70.79800","1.10060","0.04264"
"70.84800","1.11532","0.05010"
"70.89800","1.13054","0.05030"
"70.94800","1.14548","0.06522"
"70.99800","1.16065","0.03465"
"71.04800","1.17541","0.06835"
"71.09800","1.19043","0.04915"
"71.14800","1.20560","0.06320"
"71.19800","1.22081","0.06564"
"71.24800","1.23559","0.05196"
"71.29800","1.25044","0.06765"
"71.34800","1.26564","0.07079"
"71.39800","1.28044","0.06526"
"71.44800","1.29554","0.07294"
"71.49800","1.31026","0.06767"
"71.54800","1.32555","0.05654"
"71.59800","1.34037","0.08650"
"71.64800","1.35570","0.05262"
"71.69800","1.37041","0.05832"
"71.74800","1.38572","0.05270"
"71.79800","1.40063","0.06944"
"71.84800","1.41570","0.05760"
"71.89800","1.43046","0.06796"
"71.94800","1.44543","0.03505"
"71.99800","1.46070","0.07182"
"72.04800","1.47543","0.06035"
"72.09800","1.49053","0.06373"
"72.14800","1.50522","0.06095"
"72.19800","1.52075","0.06261"
"72.24800","1.53543","0.06525"
"72.29800","1.55061","0.07727"
"72.34800","1.56542","0.06481"
"72.39800","1.58080","0.07503"
"72.44800","1.59567","0.07144"
"72.49800","1.61058","0.05341"
"72.54800","1.62556","0.04693"
"72.59800","1.64042","0.05936"
"72.64800","1.65568","0.04819"
"72.69800","1.67038","0.06203"
"72.74800","1.68551","0.05847"
"72.79800","1.70030","0.04875"
"72.84800","1.71568","0.05446"
"72.89800","1.73053","0.06136"
"72.94800","1.74555","0.05327"
"72.99800","1.76048","0.06059"
"73.04800","1.77569","0.05829"
"73.09800","1.79065","0.05548"
"73.14800","1.80553","0.07036"
"73.19800","1.82055","0.05099"
"73.24800","1.83555","0.06559"
"73.29800","1.85055","0.07214"
"73.34800","1.86533","0.06438"
"73.39800","1.88042","0.07405"
"73.44800","1.89552","0.07236"
"73.49800","1.91078","0.06802"
"73.54800","1.92547","0.09259"
"73.59800","1.94063","0.07140"
"73.64800","1.95554","0.06764"
"73.69800","1.97076","0.08472"
"73.74800","1.98551","0.06570"
"73.79800","2.00037","0.07761"
"73.84800","2.01542","0.05829"
"73.89800","2.03052","0.06543"
"73.94800","2.04564","0.07516"
"73.99800","2.06035","0.07050"
"74.04800","2.07576","0.05335"
"74.09800","2.09048","0.06893"
"74.14800","2.10577","0.05873"
"74.19800","2.12029","0.06875"
"74.24800","2.13569","0.07359"
"74.29800","2.15045","0.06155"
"74.34800","2.16549","0.05805"
"74.39800","2.18028","0.08047"
"74.44800","2.19532","0.07875"
"74.49800","2.21067","0.05515"
"74.54800","2.22552","0.07535"
"74.59800","2.24061","0.06388"
"74.64800","2.25527","0.08220"
"74.69800","2.27090","0.06928"
"74.74800","2.28552","0.06015"
"74.79800","2.30084","0.05686"
"74.84800","2.31537","0.08345"
"74.89800","2.33069","0.04684"
"74.94800","2.34555","0.07456"
"74.99800","2.36051","0.05997"
"75.04800","2.37549","0.05903"
"75.09800","2.39051","0.08715"
"75.14800","2.40571","0.06034"
"75.19800","2.42053","0.07526"
"75.24800","2.43560","0.07687"
"75.29800","2.45047","0.07955"
"75.34800","2.46566","0.07518"
"75.39800","2.48044","0.08578"
"75.44800","2.49550","0.05258"
"75.46400","2.50028","0.04890"
"75.46500","2.50058","0.04986"
"75.46600","2.50088","0.05090"
"75.51600","2.51043","0.00045"
"75.56600","2.50189","0.07727"
"75.61600","2.48762","0.06235"
"75.66600","2.47026","0.08636"
"75.71600","2.45485","0.08384"
"75.76600","2.43958","0.08753"
"75.81600","2.42474","0.06836"
"75.86600","2.40961","0.08979"
"75.91600","2.39436","0.07166"
"75.96600","2.37935","0.08357"
"76.01600","2.36444","0.06111"
"76.06600","2.34967","0.08617"
"76.11600","2.33445","0.06830"
"76.16600","2.31960","0.07978"
"76.21600","2.30429","0.06817"
"76.26600","2.28968","0.08920"
"76.31600","2.27439","0.07300"
"76.36600","2.25951","0.07728"
"76.41600","2.24428","0.09258"
"76.46600","2.22952","0.06824"
"76.51600","2.21433","0.08819"
"76.56600","2.19931","0.09099"
"76.61600","2.18437","0.08158"
"76.66600","2.16951","0.08331"
"76.71600","2.15468","0.08480"
"76.76600","2.13936","0.07198"
"76.81600","2.12465","0.08244"
"76.86600","2.10940","0.07825"
"76.91600","2.09465","0.07359"
"76.96600","2.07929","0.07001"
"77.01600","2.06441","0.07919"
"77.06600","2.04920","0.07803"
"77.11600","2.03455","0.09180"
"77.16600","2.01936","0.07102"
"77.21600","2.00431","0.08485"
"77.26600","1.98951","0.08564"
"77.31600","1.97466","0.07867"
"77.36600","1.95969","0.07994"
"77.41600","1.94429","0.08060"
"77.46600","1.92953","0.07661"
"77.51600","1.91445","0.08503"
"77.56600","1.89958","0.08758"
"77.61600","1.88424","0.07271"
"77.66600","1.86936","0.08451"
"77.71600","1.85439","0.07013"
"77.76600","1.83941","0.08703"
"77.81600","1.82437","0.07747"
"77.86600","1.80947","0.06219"
"77.91600","1.79466","0.06659"
"77.96600","1.77959","0.09088"
"78.01600","1.76455","0.06118"
"78.06600","1.74941","0.08637"
"78.11600","1.73459","0.06111"
"78.16600","1.71933","0.07647"
"78.21600","1.70435","0.08222"
"78.26600","1.68918","0.07170"
"78.31600","1.67452","0.06952"
"78.36600","1.65949","0.07243"
"78.41600","1.64454","0.08048"
"78.46600","1.62940","0.08028"
"78.51600","1.61450","0.07760"
"78.56600","1.59964","0.09622"
"78.61600","1.58444","0.10358"
"78.66600","1.56956","0.08275"
"78.71600","1.55431","0.08216"
"78.76600","1.53952","0.08013"
"78.81600","1.52425","0.09187"
"78.86600","1.50949","0.06931"
"78.91600","1.49427","0.09991"
"78.96600","1.47964","0.07469"
"79.01600","1.46448","0.07136"
"79.06600","1.44943","0.09593"
"79.11600","1.43443","0.07660"
"79.16600","1.41949","0.07525"
"79.21600","1.40461","0.08306"
"79.26600","1.38930","0.09317"
"79.31600","1.37441","0.07422"
"79.36600","1.35928","0.10033"
"79.41600","1.34468","0.07273"
"79.46600","1.32923","0.10926"
"79.51600","1.31450","0.08590"
"79.56600","1.29944","0.09590"
"79.61600","1.28474","0.08540"
"79.66600","1.26943","0.09304"
"79.71600","1.25439","0.08043"
"79.76600","1.23946","0.08318"
"79.81600","1.22449","0.07321"
"79.86600","1.20950","0.06599"
"79.91600","1.19422","0.09475"
"79.96600","1.17944","0.06167"
"80.01600","1.16442","0.07093"
"80.06600","1.14953","0.07610"
"80.11600","1.13430","0.08852"
"80.16600","1.11953","0.07643"
"80.21600","1.10452","0.09325"
"80.26600","1.08959","0.05417"
"80.31600","1.07436","0.10562"
"80.36600","1.05945","0.07445"
"80.41600","1.04444","0.08884"
"80.46600","1.02939","0.07225"
"80.51600","1.01435","0.07792"
"80.56600","0.99935","0.07957"
"80.61600","0.98456","0.09114"
"80.66600","0.96951","0.07001"
"80.71600","0.95463","0.06631"
"80.76600","0.93925","0.08913"
"80.81600","0.92455","0.07444"
"80.86600","0.90947","0.07723"
"80.91600","0.89453","0.06642"
"80.96600","0.87932","0.08427"
"81.01600","0.86438","0.06673"
"81.06600","0.84935","0.07766"
"81.11600","0.83433","0.05496"
"81.16600","0.81939","0.07989"
"81.21600","0.80437","0.05454"
"81.26600","0.78969","0.07798"
"81.31600","0.77446","0.06355"
"81.36600","0.75962","0.07341"
"81.41600","0.74426","0.07230"
"81.46600","0.72955","0.07425"
"81.51600","0.71440","0.06664"
"81.56600","0.69940","0.07354"
"81.61600","0.68417","0.07995"
"81.66600","0.66943","0.07130"
"81.71600","0.65451","0.07216"
"81.76600","0.63933","0.06555"
"81.81600","0.62451","0.06885"
"81.86600","0.60955","0.08087"
"81.91600","0.59478","0.06746"
"81.96600","0.57931","0.05959"
"82.01600","0.56454","0.07875"
"82.06600","0.54939","0.05175"
"82.11600","0.53461","0.08318"
"82.16600","0.51931","0.05025"
"82.21600","0.50434","0.05438"
"82.26600","0.48931","0.07496"
"82.31600","0.47445","0.10154"
"82.36600","0.45949","0.11075"
"82.41600","0.44443","0.11527"
"82.46600","0.42958","0.07344"
"82.51600","0.41459","0.07817"
"82.56600","0.39961","0.08429"
"82.61600","0.38435","0.06304"
"82.66600","0.36949","0.08006"
"82.71600","0.35434","0.08427"
"82.76600","0.33947","0.08570"
"82.81600","0.32423","0.07233"
"82.86600","0.30945","0.08684"
"82.91600","0.29443","0.07160"
"82.96600","0.27965","0.08781"
"83.01600","0.26445","0.07079"
"83.06600","0.24942","0.06957"
"83.11600","0.23456","0.06872"
"83.16600","0.21950","0.08494"
"83.21600","0.20458","0.05430"
"83.26600","0.18928","0.07627"
"83.31600","0.17442","0.06524"
"83.36600","0.15926","0.06117"
"83.41600","0.14455","0.07430"
"83.46600","0.12926","0.05822"
"83.51600","0.11453","0.06265"
"83.56600","0.09956","0.06884"
"83.61600","0.08454","0.06472"
"83.66600","0.06946","0.05132"
"83.71600","0.05435","0.08408"
"83.76600","0.03965","0.05462"
"83.81600","0.02436","0.08194"
"83.86600","0.00940","0.05360"
"83.91600","-0.00579","0.07277"
"83.96600","-0.02029","0.07002"
"84.01600","-0.03563","0.07590"
"84.06600","-0.05047","0.06054"
"84.11600","-0.06560","0.08263"
"84.16600","-0.08034","0.06883"
"84.21600","-0.09547","0.08686"
"84.26600","-0.11062","0.08476"
"84.31600","-0.12551","0.06157"
"84.36600","-0.14062","0.07845"
"84.41600","-0.15544","0.06023"
"84.46600","-0.17077","0.08612"
"84.51600","-0.18557","0.06293"
"84.56600","-0.20066","0.07047"
"84.61600","-0.21542","0.06066"
"84.66600","-0.23065","0.08040"
"84.71600","-0.24550","0.05782"
"84.76600","-0.26053","0.07269"
"84.81600","-0.27537","0.06298"
"84.86600","-0.29050","0.07562"
"84.91600","-0.30552","0.07129"
"84.96600","-0.32060","0.07018"
"85.01600","-0.33566","0.06034"
"85.06600","-0.35057","0.07199"
"85.11600","-0.36566","0.07858"
"85.16600","-0.38050","0.07113"
"85.21600","-0.39555","0.07995"
"85.26600","-0.41032","0.05464"
"85.31600","-0.42567","0.08989"
"85.36600","-0.44047","0.07542"
"85.41600","-0.45558","0.07857"
"85.46600","-0.47040","0.06119"
"85.51600","-0.48564","0.09742"
"85.56600","-0.50066","0.06349"
"85.61600","-0.51571","0.08058"
"85.66600","-0.53062","0.07450"
"85.71600","-0.54551","0.06789"
"85.76600","-0.56060","0.07371"
"85.81600","-0.57536","0.06918"
"85.86600","-0.59052","0.05758"
"85.91600","-0.60537","0.06806"
"85.96600","-0.62068","0.06911"
"86.01600","-0.63556","0.05671"
"86.06600","-0.65055","0.07310"
"86.11600","-0.66558","0.05923"
"86.16600","-0.68079","0.07909"
"86.21600","-0.69565","0.07336"
"86.26600","-0.71043","0.07625"
"86.31600","-0.72568","0.08191"
"86.36600","-0.74037","0.09691"
"86.41600","-0.75552","0.07002"
"86.46600","-0.77025","0.10081"
"86.51600","-0.78561","0.09166"
"86.56600","-0.80044","0.08658"
"86.61600","-0.81569","0.08989"
"86.66600","-0.83053","0.09793"
"86.71600","-0.84562","0.08442"
"86.76600","-0.86061","0.09198"
"86.81600","-0.87561","0.08911"
"86.86600","-0.89065","0.09262"
"86.91600","-0.90549","0.08691"
"86.96600","-0.92055","0.07918"
"87.01600","-0.93537","0.08760"
"87.06600","-0.95057","0.08095"
"87.11600","-0.96535","0.08506"
"87.16600","-0.98063","0.07731"
"87.21600","-0.99546","0.09163"
"87.26600","-1.01071","0.07406"
"87.31600","-1.02555","0.09599"
"87.36600","-1.04070","0.08412"
"87.41600","-1.05551","0.07802"
"87.46600","-1.07066","0.10295"
"87.51600","-1.08541","0.09183"
"87.56600","-1.10044","0.08006"
"87.61600","-1.11554","0.09465"
"87.66600","-1.13048","0.08025"
"87.71600","-1.14553","0.10621"
"87.76600","-1.16037","0.08480"
"87.81600","-1.17573","0.08328"
"87.86600","-1.19062","0.09797"
"87.91600","-1.20585","0.09008"
"87.96600","-1.22051","0.08967"
"88.01600","-1.23570","0.08863"
"88.06600","-1.25048","0.08266"
"88.11600","-1.26550","0.08074"
"88.16600","-1.28041","0.10285"
"88.21600","-1.29544","0.05703"
"88.26600","-1.31066","0.08784"
"88.31600","-1.32547","0.07672"
"88.36600","-1.34062","0.09526"
"88.41600","-1.35555","0.06803"
"88.46600","-1.37079","0.08747"
"88.51600","-1.38547","0.08202"
"88.56600","-1.40071","0.09764"
"88.61600","-1.41546","0.08271"
"88.66600","-1.43055","0.08347"
"88.71600","-1.44544","0.09775"
"88.76600","-1.46044","0.08972"
"88.81600","-1.47558","0.09247"
"88.86600","-1.49052","0.09363"
"88.91600","-1.50570","0.09803"
"88.96600","-1.52045","0.08275"
"89.01600","-1.53564","0.11145"
"89.06600","-1.55057","0.08086"
"89.11600","-1.56569","0.09773"
"89.16600","-1.58049","0.09983"
"89.21600","-1.59557","0.09937"
"89.26600","-1.61044","0.09620"
"89.31600","-1.62550","0.09637"
"89.36600","-1.64054","0.08400"
"89.41600","-1.65549","0.10388"
"89.46600","-1.67052","0.08713"
"89.51600","-1.68554","0.07313"
"89.56600","-1.70067","0.09293"
"89.61600","-1.71545","0.08063"
"89.66600","-1.73065","0.10317"
"89.71600","-1.74548","0.12917"
"89.76600","-1.76067","0.10885"
"89.81600","-1.77531","0.10296"
"89.86600","-1.79071","0.12083"
"89.91600","-1.80553","0.09695"
"89.96600","-1.82065","0.11730"
"90.01600","-1.83539","0.10995"
"90.06600","-1.85051","0.12020"
"90.11600","-1.86563","0.11884"
"90.16600","-1.88070","0.10946"
"90.21600","-1.89570","0.09678"
"90.26600","-1.91040","0.11798"
"90.31600","-1.92562","0.10569"
"90.36600","-1.94047","0.09623"
"90.41600","-1.95553","0.10428"
"90.46600","-1.97026","0.09638"
"90.51600","-1.98563","0.11790"
"90.56600","-2.00056","0.09424"
"90.61600","-2.01553","0.09782"
"90.66600","-2.03047","0.09161"
"90.71600","-2.04564","0.11050"
"90.76600","-2.06057","0.08060"
"90.81600","-2.07554","0.10176"
"90.86600","-2.09067","0.08622"
"90.91600","-2.10543","0.10525"
"90.96600","-2.12058","0.10348"
"91.01600","-2.13528","0.08741"
"91.06600","-2.15049","0.09470"
"91.11600","-2.16540","0.10408"
"91.16600","-2.18066","0.09249"
"91.21600","-2.19560","0.10247"
"91.26600","-2.21059","0.10062"
"91.31600","-2.22558","0.09333"
"91.36600","-2.24065","0.11978"
"91.41600","-2.25569","0.10031"
"91.46600","-2.27042","0.09353"
"91.51600","-2.28550","0.09024"
"91.56600","-2.30036","0.10080"
"91.61600","-2.31554","0.08437"
"91.66600","-2.33035","0.09742"
"91.71600","-2.34554","0.07194"
"91.76600","-2.36049","0.09741"
"91.81600","-2.37576","0.09301"
"91.86600","-2.39063","0.07479"
"91.91600","-2.40567","0.08638"
"91.96600","-2.42054","0.08494"
"92.01600","-2.43561","0.07633"
"92.06600","-2.45048","0.09268"
"92.11600","-2.46535","0.07066"
"92.16600","-2.48053","0.07396"
"92.21600","-2.49535","0.09268"
"92.23200","-2.50031","0.09445"
"92.23300","-2.50062","0.09406"
"92.23400","-2.50093","0.09346"
"92.28400","-2.51070","0.14720"
"92.33400","-2.50273","0.07908"
"92.38400","-2.48873","0.09493"
"92.43400","-2.47050","0.08088"
"92.48400","-2.45524","0.05598"
"92.53400","-2.44016","0.08810"
"92.58400","-2.42509","0.08595"
"92.63400","-2.40975","0.06426"
"92.68400","-2.39496","0.09045"
"92.73400","-2.37986","0.07634"
"92.78400","-2.36492","0.09690"
"92.83400","-2.34955","0.08401"
"92.88400","-2.33482","0.07488"
"92.93400","-2.31982","0.08409"
"92.98400","-2.30498","0.11095"
"93.03400","-2.28969","0.07178"
"93.08400","-2.27477","0.09436"
"93.13400","-2.25991","0.09214"
"93.18400","-2.24495","0.09724"
"93.23400","-2.22982","0.09778"
"93.28400","-2.21468","0.10369"
"93.33400","-2.19986","0.08224"
"93.38400","-2.18482","0.10138"
"93.43400","-2.16986","0.09803"
"93.48400","-2.15462","0.08302"
"93.53400","-2.14003","0.09910"
"93.58400","-2.12479","0.08742"
"93.63400","-2.10987","0.09677"
"93.68400","-2.09474","0.09211"
"93.73400","-2.07994","0.07915"
"93.78400","-2.06486","0.08736"
"93.83400","-2.04976","0.09658"
"93.88400","-2.03481","0.08409"
"93.93400","-2.01964","0.09231"
"93.98400","-2.00491","0.09268"
"94.03400","-1.98971","0.09837"
"94.08400","-1.97490","0.10815"
"94.13400","-1.95960","0.09024"
"94.18400","-1.94507","0.09624"
"94.23400","-1.92984","0.10440"
"94.28400","-1.91483","0.10045"
"94.33400","-1.89976","0.10597"
"94.38400","-1.88491","0.09987"
"94.43400","-1.86991","0.09792"
"94.48400","-1.85461","0.11429"
"94.53400","-1.83987","0.10364"
"94.58400","-1.82464","0.09359"
"94.63400","-1.81006","0.09975"
"94.68400","-1.79461","0.10248"
"94.73400","-1.77999","0.10257"
"94.78400","-1.76472","0.11296"
"94.83400","-1.75008","0.09797"
"94.88400","-1.73471","0.07739"
"94.93400","-1.71978","0.07872"
"94.98400","-1.70481","0.06436"
"95.03400","-1.68985","0.06318"
"95.08400","-1.67479","0.09195"
"95.13400","-1.65961","0.06387"
"95.18400","-1.64487","0.09172"
"95.23400","-1.62989","0.07588"
"95.28400","-1.61491","0.07656"
"95.33400","-1.59964","0.09199"
"95.38400","-1.58491","0.07944"
"95.43400","-1.56991","0.08469"
"95.48400","-1.55498","0.07816"
"95.53400","-1.53971","0.09125"
"95.58400","-1.52472","0.07377"
"95.63400","-1.50971","0.09115"
"95.68400","-1.49487","0.06005"
"95.73400","-1.47967","0.08639"
"95.78400","-1.46470","0.07287"
"95.83400","-1.44989","0.08671"
"95.88400","-1.43484","0.06059"
"95.93400","-1.41990","0.07692"
"95.98400","-1.40480","0.06477"
"96.03400","-1.39009","0.08339"
"96.08400","-1.37478","0.06674"
"96.13400","-1.35990","0.06392"
"96.18400","-1.34458","0.07516"
"96.23400","-1.32993","0.06839"
"96.28400","-1.31473","0.06179"
"96.33400","-1.29980","0.06911"
"96.38400","-1.28469","0.06964"
"96.43400","-1.26973","0.06517"
"96.48400","-1.25506","0.09570"
"96.53400","-1.23974","0.05270"
"96.58400","-1.22498","0.09147"
"96.63400","-1.20967","0.06887"
"96.68400","-1.19508","0.08617"
"96.73400","-1.17966","0.07099"
"96.78400","-1.16485","0.07448"
"96.83400","-1.14952","0.06180"
"96.88400","-1.13485","0.08925"
"96.93400","-1.11978","0.06304"
"96.98400","-1.10466","0.06319"
"97.03400","-1.08984","0.07853"
"97.08400","-1.07484","0.06620"
"97.13400","-1.06011","0.08146"
"97.18400","-1.04464","0.05601"
"97.23400","-1.02992","0.06876"
"97.28400","-1.01476","0.06095"
"97.33400","-0.99995","0.08452"
"97.38400","-0.98460","0.05111"
"97.43400","-0.96982","0.07408"
"97.48400","-0.95473","0.05653"
"97.53400","-0.93998","0.08369"
"97.58400","-0.92470","0.06201"
"97.63400","-0.90973","0.06953"
"97.68400","-0.89492","0.05831"
"97.73400","-0.87994","0.08715"
"97.78400","-0.86486","0.07026"
"97.83400","-0.84972","0.07586"
"97.88400","-0.83473","0.07647"
"97.93400","-0.81970","0.06823"
"97.98400","-0.80492","0.09235"
"98.03400","-0.78956","0.06714"
"98.08400","-0.77494","0.07536"
"98.13400","-0.75975","0.05994"
"98.18400","-0.74493","0.08275"
"98.23400","-0.72977","0.06571"
"98.28400","-0.71494","0.06505"
"98.33400","-0.69987","0.03075"
"98.38400","-0.68486","0.06574"
"98.43400","-0.66984","0.04848"
"98.48400","-0.65462","0.03578"
"98.53400","-0.63995","0.04249"
"98.58400","-0.62478","0.04451"
"98.63400","-0.60993","0.04009"
"98.68400","-0.59461","0.05223"
"98.73400","-0.57996","0.04769"
"98.78400","-0.56485","0.03452"
"98.83400","-0.54990","0.07602"
"98.88400","-0.53476","0.04564"
"98.93400","-0.51977","0.05722"
"98.98400","-0.50497","0.05160"
"99.03400","-0.48969","0.05258"
"99.08400","-0.47485","0.05973"
"99.13400","-0.45955","0.07096"
"99.18400","-0.44505","0.04285"
"99.23400","-0.42966","0.06872"
"99.28400","-0.41490","0.06085"
"99.33400","-0.39966","0.05775"
"99.38400","-0.38504","0.05151"
"99.43400","-0.36989","0.05381"
"99.48400","-0.35476","0.03867"
"99.53400","-0.33976","0.06182"
"99.58400","-0.32474","0.04170"
"99.63400","-0.30984","0.03955"
"99.68400","-0.29455","0.05449"
"99.73400","-0.27982","0.04738"
"99.78400","-0.26477","0.04568"
"99.83400","-0.25002","0.05733"
"99.88400","-0.23474","0.05073"
"99.93400","-0.21982","0.04519"
"99.98400","-0.20479","0.05959"
"100.03400","-0.19005","0.04562"
"100.08400","-0.17479","0.05793"
"100.13400","-0.15968","0.05509"
"100.18400","-0.14458","0.06078"
"100.23400","-0.12986","0.04794"
"100.28400","-0.11482","0.06197"
"100.33400","-0.09971","0.05507"
"100.38400","-0.08485","0.06949"
"100.43400","-0.06981","0.04224"
"100.48400","-0.05502","0.05851"
"100.53400","-0.03975","0.05745"
"100.58400","-0.02501","0.05401"
"100.63400","-0.00981","0.05377"
"100.68400","0.00496","0.03993"
"100.73400","0.02041","0.04993"
"100.78400","0.03520","0.05097"
"100.83400","0.05029","0.05177"
"100.88400","0.06510","0.01739"
"100.93400","0.08025","0.05244"
"100.98400","0.09536","0.03685"
"101.03400","0.11002","0.05420"
"101.08400","0.12515","0.04162"
"101.13400","0.13995","0.03830"
"101.18400","0.15538","0.05283"
"101.23400","0.17001","0.05732"
"101.28400","0.18524","0.03612"
"101.33400","0.20013","0.05385"
"101.38400","0.21544","0.04097"
"101.43400","0.23024","0.04918"
"101.48400","0.24512","0.06958"
"101.53400","0.26026","0.03901"
"101.58400","0.27519","0.06224"
"101.63400","0.29031","0.06001"
"101.68400","0.30491","0.06823"
"101.73400","0.32021","0.03579"
"101.78400","0.33508","0.07484"
"101.83400","0.35035","0.03082"
"101.88400","0.36511","0.06531"
"101.93400","0.38028","0.05377"
"101.98400","0.39527","0.04647"
"102.03400","0.41031","0.05698"
"102.08400","0.42507","0.11108"
"102.13400","0.44010","0.09154"
"102.18400","0.45532","0.04731"
"102.23400","0.47018","0.03546"
"102.28400","0.48514","0.02786"
"102.33400","0.50000","0.04654"
"102.38400","0.51522","0.02683"
"102.43400","0.53021","0.03986"
"102.48400","0.54534","0.04554"
"102.53400","0.56002","0.05099"
"102.58400","0.57531","0.02840"
"102.63400","0.59011","0.06621"
"102.68400","0.60534","0.03051"
"102.73400","0.62005","0.06617"
"102.78400","0.63513","0.03443"
"102.83400","0.65016","0.04236"
"102.88400","0.66517","0.05119"
"102.93400","0.68012","0.05191"
"102.98400","0.69501","0.05591"
"103.03400","0.71045","0.03924"
"103.08400","0.72511","0.05093"
"103.13400","0.74024","0.04316"
"103.18400","0.75492","0.06254"
"103.23400","0.77039","0.02924"
"103.28400","0.78512","0.04628"
"103.33400","0.80017","0.03819"
"103.38400","0.81505","0.05508"
"103.43400","0.83018","0.04647"
"103.48400","0.84526","0.04940"
"103.53400","0.86006","0.03836"
"103.58400","0.87530","0.06711"
"103.63400","0.89012","0.05877"
"103.68400","0.90557","0.04371"
"103.73400","0.92004","0.06219"
"103.78400","0.93530","0.05272"
"103.83400","0.95001","0.06236"
"103.88400","0.96535","0.05269"
"103.93400","0.98008","0.05523"
"103.98400","0.99506","0.05363"
"104.03400","1.01013","0.06413"
"104.08400","1.02520","0.04271"
"104.13400","1.04034","0.06372"
"104.18400","1.05509","0.05000"
"104.23400","1.07032","0.04934"
"104.28400","1.08518","0.04980"
"104.33400","1.10025","0.05333"
"104.38400","1.11496","0.04115"
"104.43400","1.13019","0.05661"
"104.48400","1.14514","0.05422"
"104.53400","1.16030","0.04423"
"104.58400","1.17504","0.05976"
"104.63400","1.19008","0.04307"
"104.68400","1.20523","0.06272"
"104.73400","1.22045","0.05451"
"104.78400","1.23523","0.05088"
"104.83400","1.25008","0.06070"
"104.88400","1.26523","0.07204"
"104.93400","1.28008","0.05795"
"104.98400","1.29520","0.07516"
"105.03400","1.30989","0.06106"
"105.08400","1.32515","0.07475"
"105.13400","1.33999","0.07185"
"105.18400","1.35536","0.05623"
"105.23400","1.37008","0.06285"
"105.28400","1.38540","0.06129"
"105.33400","1.40030","0.06434"
"105.38400","1.41533","0.06367"
"105.43400","1.43013","0.06013"
"105.48400","1.44509","0.05412"
"105.53400","1.46037","0.07087"
"105.58400","1.47505","0.06439"
"105.63400","1.49016","0.06042"
"105.68400","1.50487","0.06659"
"105.73400","1.52040","0.06386"
"105.78400","1.53507","0.07273"
"105.83400","1.55026","0.07077"
"105.88400","1.56508","0.06631"
"105.93400","1.58045","0.08981"
"105.98400","1.59535","0.06662"
"106.03400","1.61018","0.05425"
"106.08400","1.62520","0.05043"
"106.13400","1.64006","0.06211"
"106.18400","1.65537","0.04718"
"106.23400","1.66998","0.06558"
"106.28400","1.68512","0.05981"
"106.33400","1.69995","0.04857"
"106.38400","1.71533","0.05986"
"106.43400","1.73018","0.04820"
"106.48400","1.74527","0.05780"
"106.53400","1.76024","0.05596"
"106.58400","1.77534","0.05747"
"106.63400","1.79021","0.04395"
"106.68400","1.80513","0.06335"
"106.73400","1.82019","0.04955"
"106.78400","1.83514","0.07173"
"106.83400","1.85012","0.06111"
"106.88400","1.86492","0.06814"
"106.93400","1.88013","0.06415"
"106.98400","1.89521","0.07032"
"107.03400","1.91045","0.06422"
"107.08400","1.92513","0.08006"
"107.13400","1.94027","0.05369"
"107.18400","1.95517","0.06403"
"107.23400","1.97039","0.07730"
"107.28400","1.98519","0.05799"
"107.33400","2.00000","0.06960"
"107.38400","2.01508","0.05006"
"107.43400","2.03017","0.06777"
"107.48400","2.04530","0.06183"
"107.53400","2.05997","0.06919"
"107.58400","2.07539","0.04913"
"107.63400","2.09014","0.07038"
"107.68400","2.10541","0.05917"
"107.73400","2.11994","0.07299"
"107.78400","2.13531","0.07331"
"107.83400","2.15011","0.06764"
"107.88400","2.16514","0.06384"
"107.93400","2.17996","0.08243"
"107.98400","2.19497","0.06819"
"108.03400","2.21035","0.06066"
"108.08400","2.22507","0.07570"
"108.13400","2.24025","0.06300"
"108.18400","2.25494","0.08890"
"108.23400","2.27055","0.06233"
"108.28400","2.28522","0.06674"
"108.33400","2.30039","0.06460"
"108.38400","2.31494","0.08441"
"108.43400","2.33031","0.04756"
"108.48400","2.34521","0.07410"
"108.53400","2.36022","0.05425"
"108.58400","2.37516","0.06154"
"108.63400","2.39014","0.07909"
"108.68400","2.40536","0.06141"
"108.73400","2.42017","0.06405"
"108.78400","2.43524","0.07910"
"108.83400","2.45012","0.08136"
"108.88400","2.46532","0.07844"
"108.93400","2.48009","0.07408"
"108.98400","2.49516","0.06581"
"109.00100","2.50022","0.05252"
"109.00200","2.50052","0.05218"
"109.00300","2.50082","0.05189"
"109.05300","2.51036","0.00788"
"109.10300","2.50191","0.07175"
"109.15300","2.48767","0.05796"
"109.20300","2.47024","0.07667"
"109.25300","2.45480","0.10087"
"109.30300","2.43953","0.06977"
"109.35300","2.42469","0.07477"
"109.40300","2.40958","0.08454"
"109.45300","2.39430","0.06480"
"109.50300","2.37929","0.08419"
"109.55300","2.36441","0.06314"
"109.60300","2.34961","0.07022"
"109.65300","2.33441","0.07233"
"109.70300","2.31954","0.07003"
"109.75300","2.30425","0.07326"
"109.80300","2.28962","0.08117"
"109.85300","2.27436","0.06752"
"109.90300","2.25946","0.07708"
"109.95300","2.24424","0.08977"
"110.00300","2.22947","0.07545"
"110.05300","2.21429","0.07758"
"110.10300","2.19926","0.08003"
"110.15300","2.18432","0.07782"
"110.20300","2.16945","0.08094"
"110.25300","2.15464","0.08172"
"110.30300","2.13932","0.07164"
"110.35300","2.12460","0.08348"
"110.40300","2.10935","0.07850"
"110.45300","2.09461","0.07033"
"110.50300","2.07923","0.06904"
"110.55300","2.06434","0.07334"
"110.60300","2.04916","0.07256"
"110.65300","2.03451","0.09099"
"110.70300","2.01932","0.06475"
"110.75300","2.00427","0.07150"
"110.80300","1.98946","0.09444"
"110.85300","1.97461","0.06914"
"110.90300","1.95962","0.08050"
"110.95300","1.94425","0.07758"
"111.00300","1.92949","0.06790"
"111.05300","1.91440","0.09259"
"111.10300","1.89944","0.08917"
"111.15300","1.88419","0.05595"
"111.20300","1.86939","0.09043"
"111.25300","1.85441","0.07682"
"111.30300","1.83936","0.07862"
"111.35300","1.82429","0.07243"
"111.40300","1.80939","0.06980"
"111.45300","1.79460","0.06616"
"111.50300","1.77955","0.08268"
"111.55300","1.76451","0.05447"
"111.60300","1.74935","0.07653"
"111.65300","1.73452","0.06724"
"111.70300","1.71930","0.07165"
"111.75300","1.70431","0.07002"
"111.80300","1.68913","0.07178"
"111.85300","1.67447","0.06687"
"111.90300","1.65942","0.07209"
"111.95300","1.64453","0.07904"
"112.00300","1.62933","0.06479"
"112.05300","1.61446","0.07784"
"112.10300","1.59959","0.09675"
"112.15300","1.58442","0.10523"
"112.20300","1.56953","0.08346"
"112.25300","1.55425","0.07923"
"112.30300","1.53949","0.08284"
"112.35300","1.52416","0.08898"
"112.40300","1.50945","0.07181"
"112.45300","1.49422","0.08033"
"112.50300","1.47957","0.07848"
"112.55300","1.46443","0.07953"
"112.60300","1.44941","0.09031"
"112.65300","1.43442","0.07361"
"112.70300","1.41943","0.09199"
"112.75300","1.40458","0.07731"
"112.80300","1.38925","0.08431"
"112.85300","1.37434","0.07546"
"112.90300","1.35924","0.08905"
"112.95300","1.34464","0.07921"
"113.00300","1.32916","0.09277"
"113.05300","1.31446","0.08910"
"113.10300","1.29939","0.08263"
"113.15300","1.28469","0.08632"
"113.20300","1.26939","0.09666"
"113.25300","1.25435","0.07340"
"113.30300","1.23941","0.08475"
"113.35300","1.22444","0.07856"
"113.40300","1.20948","0.06943"
"113.45300","1.19418","0.10234"
"113.50300","1.17938","0.05382"
"113.55300","1.16436","0.07472"
"113.60300","1.14948","0.07737"
"113.65300","1.13425","0.07314"
"113.70300","1.11949","0.07261"
"113.75300","1.10449","0.07631"
"113.80300","1.08953","0.05755"
"113.85300","1.07432","0.09106"
"113.90300","1.05942","0.07291"
"113.95300","1.04439","0.07066"
"114.00300","1.02935","0.08467"
"114.05300","1.01430","0.07191"
"114.10300","0.99925","0.08301"
"114.15300","0.98449","0.07328"
"114.20300","0.96950","0.07623"
"114.25300","0.95462","0.06060"
"114.30300","0.93925","0.09527"
"114.35300","0.92452","0.06310"
"114.40300","0.90943","0.08090"
"114.45300","0.89449","0.06980"
"114.50300","0.87926","0.08104"
"114.55300","0.86433","0.07022"
"114.60300","0.84931","0.07423"
"114.65300","0.83427","0.06391"
"114.70300","0.81935","0.07448"
"114.75300","0.80434","0.06401"
"114.80300","0.78965","0.05425"
"114.85300","0.77438","0.07903"
"114.90300","0.75955","0.06207"
"114.95300","0.74429","0.07801"
"115.00300","0.72951","0.06266"
"115.05300","0.71435","0.07444"
"115.10300","0.69936","0.06090"
"115.15300","0.68409","0.08707"
"115.20300","0.66939","0.05657"
"115.25300","0.65447","0.07545"
"115.30300","0.63928","0.05926"
"115.35300","0.62447","0.07921"
"115.40300","0.60950","0.06385"
"115.45300","0.59475","0.06185"
"115.50300","0.57927","0.06055"
"115.55300","0.56449","0.06798"
"115.60300","0.54936","0.05158"
"115.65300","0.53458","0.07385"
"115.70300","0.51929","0.05836"
"115.75300","0.50425","0.04328"
"115.80300","0.48926","0.07262"
"115.85300","0.47440","0.09362"
"115.90300","0.45943","0.11466"
"115.95300","0.44439","0.10526"
"116.00300","0.42956","0.08427"
"116.05300","0.41452","0.07465"
"116.10300","0.39956","0.08009"
"116.15300","0.38430","0.05774"
"116.20300","0.36945","0.08093"
"116.25300","0.35430","0.07957"
"116.30300","0.33942","0.07317"
"116.35300","0.32416","0.07924"
"116.40300","0.30942","0.07522"
"116.45300","0.29442","0.07131"
"116.50300","0.27956","0.08435"
"116.55300","0.26437","0.07619"
"116.60300","0.24937","0.05624"
"116.65300","0.23455","0.08594"
"116.70300","0.21945","0.06003"
"116.75300","0.20451","0.06971"
"116.80300","0.18925","0.07470"
"116.85300","0.17439","0.06819"
"116.90300","0.15922","0.05779"
"116.95300","0.14447","0.07915"
"117.00300","0.12922","0.05347"
"117.05300","0.11451","0.06555"
"117.10300","0.09950","0.07212"
"117.15300","0.08449","0.05144"
"117.20300","0.06942","0.06300"
"117.25300","0.05429","0.06720"
"117.30300","0.03959","0.05729"
"117.35300","0.02432","0.06945"
"117.40300","0.00938","0.06603"
"117.45300","-0.00584","0.05843"
"117.50300","-0.02036","0.07477"
"117.55300","-0.03569","0.06671"
"117.60300","-0.05050","0.06897"
"117.65300","-0.06563","0.06787"
"117.70300","-0.08036","0.07309"
"117.75300","-0.09551","0.07314"
"117.80300","-0.11067","0.08590"
"117.85300","-0.12558","0.05488"
"117.90300","-0.14065","0.07059"
"117.95300","-0.15549","0.06388"
"118.00300","-0.17080","0.07568"
"118.05300","-0.18561","0.06627"
"118.10300","-0.20071","0.05693"
"118.15300","-0.21549","0.05940"
"118.20300","-0.23071","0.07529"
"118.25300","-0.24553","0.07244"
"118.30300","-0.26057","0.04852"
"118.35300","-0.27543","0.07578"
"118.40300","-0.29058","0.06228"
"118.45300","-0.30559","0.07721"
"118.50300","-0.32063","0.05391"
"118.55300","-0.33568","0.07041"
"118.60300","-0.35064","0.05825"
"118.65300","-0.36570","0.07737"
"118.70300","-0.38055","0.06420"
"118.75300","-0.39560","0.07981"
"118.80300","-0.41035","0.05749"
"118.85300","-0.42572","0.08521"
"118.90300","-0.44050","0.07597"
"118.95300","-0.45565","0.07296"
"119.00300","-0.47044","0.07166"
"119.05300","-0.48569","0.07355"
"119.10300","-0.50072","0.07433"
"119.15300","-0.51574","0.06493"
"119.20300","-0.53066","0.07520"
"119.25300","-0.54554","0.05268"
"119.30300","-0.56068","0.09282"
"119.35300","-0.57542","0.04795"
"119.40300","-0.59056","0.06581"
"119.45300","-0.60541","0.06540"
"119.50300","-0.62071","0.06411"
"119.55300","-0.63560","0.04673"
"119.60300","-0.65061","0.07032"
"119.65300","-0.66562","0.04628"
"119.70300","-0.68083","0.07577"
"119.75300","-0.69568","0.07630"
"119.80300","-0.71050","0.05851"
"119.85300","-0.72572","0.09944"
"119.90300","-0.74047","0.07518"
"119.95300","-0.75559","0.07917"
"120.00300","-0.77029","0.08472"
"120.05300","-0.78564","0.09091"
"120.10300","-0.80049","0.07120"
"120.15300","-0.81573","0.10934"
"120.20300","-0.83056","0.06843"
"120.25300","-0.84568","0.08941"
"120.30300","-0.86070","0.08597"
"120.35300","-0.87564","0.08851"
"120.40300","-0.89066","0.07520"
"120.45300","-0.90552","0.08035"
"120.50300","-0.92062","0.07434"
"120.55300","-0.93542","0.08301"
"120.60300","-0.95062","0.08824"
"120.65300","-0.96540","0.06644"
"120.70300","-0.98064","0.08425"
"120.75300","-0.99552","0.08092"
"120.80300","-1.01075","0.07850"
"120.85300","-1.02558","0.07457"
"120.90300","-1.04076","0.09903"
"120.95300","-1.05555","0.06210"
"121.00300","-1.07073","0.10722"
"121.05300","-1.08547","0.07884"
"121.10300","-1.10049","0.07780"
"121.15300","-1.11559","0.07401"
"121.20300","-1.13052","0.09331"
"121.25300","-1.14558","0.08208"
"121.30300","-1.16040","0.07911"
"121.35300","-1.17579","0.07732"
"121.40300","-1.19065","0.09396"
"121.45300","-1.20590","0.09780"
"121.50300","-1.22056","0.06648"
"121.55300","-1.23574","0.09304"
"121.60300","-1.25054","0.07547"
"121.65300","-1.26554","0.09005"
"121.70300","-1.28046","0.07962"
"121.75300","-1.29549","0.07401"
"121.80300","-1.31068","0.07488"
"121.85300","-1.32551","0.08228"
"121.90300","-1.34064","0.07461"
"121.95300","-1.35560","0.07957"
"122.00300","-1.37083","0.07062"
"122.05300","-1.38554","0.08344"
"122.10300","-1.40075","0.08718"
"122.15300","-1.41550","0.07833"
"122.20300","-1.43060","0.07712"
"122.25300","-1.44549","0.08962"
"122.30300","-1.46048","0.09831"
"122.35300","-1.47561","0.08922"
"122.40300","-1.49055","0.08875"
"122.45300","-1.50575","0.08075"
"122.50300","-1.52051","0.10785"
"122.55300","-1.53569","0.09245"
"122.60300","-1.55061","0.08675"
"122.65300","-1.56573","0.09632"
"122.70300","-1.58055","0.09469"
"122.75300","-1.59562","0.09495"
"122.80300","-1.61052","0.10717"
"122.85300","-1.62559","0.07764"
"122.90300","-1.64044","0.08893"
"122.95300","-1.65552","0.09593"
"123.00300","-1.67061","0.08950"
"123.05300","-1.68561","0.07708"
"123.10300","-1.70072","0.08691"
"123.15300","-1.71549","0.07518"
"123.20300","-1.73069","0.10362"
"123.25300","-1.74552","0.12473"
"123.30300","-1.76074","0.09456"
"123.35300","-1.77536","0.12376"
"123.40300","-1.79075","0.10720"
"123.45300","-1.80558","0.10686"
"123.50300","-1.82070","0.10506"
"123.55300","-1.83544","0.11832"
"123.60300","-1.85056","0.10535"
"123.65300","-1.86568","0.12317"
"123.70300","-1.88072","0.10270"
"123.75300","-1.89574","0.10697"
"123.80300","-1.91043","0.12181"
"123.85300","-1.92567","0.10610"
"123.90300","-1.94050","0.10422"
"123.95300","-1.95560","0.10802"
"124.00300","-1.97034","0.10428"
"124.05300","-1.98568","0.11372"
"124.10300","-2.00060","0.10457"
"124.15300","-2.01559","0.08526"
"124.20300","-2.03052","0.10608"
"124.25300","-2.04579","0.10246"
"124.30300","-2.06062","0.09727"
"124.35300","-2.07540","0.08568"
"124.40300","-2.09068","0.10545"
"124.45300","-2.10554","0.08546"
"124.50300","-2.12067","0.11341"
"124.55300","-2.13535","0.08744"
"124.60300","-2.15057","0.09232"
"124.65300","-2.16546","0.10670"
"124.70300","-2.18068","0.10435"
"124.75300","-2.19563","0.09228"
"124.80300","-2.21065","0.09459"
"124.85300","-2.22564","0.10891"
"124.90300","-2.24071","0.10487"
"124.95300","-2.25574","0.10265"
"125.00300","-2.27045","0.08474"
"125.05300","-2.28555","0.10981"
"125.10300","-2.30041","0.07963"
"125.15300","-2.31561","0.10127"
"125.20300","-2.33041","0.08846"
"125.25300","-2.34557","0.09118"
"125.30300","-2.36053","0.08094"
"125.35300","-2.37577","0.10094"
"125.40300","-2.39067","0.07646"
"125.45300","-2.40574","0.08643"
"125.50300","-2.42060","0.08080"
"125.55300","-2.43566","0.08634"
"125.60300","-2.45054","0.08806"
"125.65300","-2.46538","0.07498"
"125.70300","-2.48063","0.08051"
"125.75300","-2.49542","0.09143"
"125.76800","-2.50002","0.08528"
"125.76900","-2.50033","0.08501"
"125.77000","-2.50064","0.08468"
"125.82000","-2.51038","0.15100"
"125.87000","-2.50260","0.07545"
"125.92000","-2.48859","0.10621"
"125.97000","-2.47028","0.07342"
"126.02000","-2.45498","0.05801"
"126.07000","-2.43990","0.08569"
"126.12000","-2.42485","0.08758"
"126.17000","-2.40949","0.07359"
"126.22000","-2.39474","0.07004"
"126.27000","-2.37960","0.09230"
"126.32000","-2.36464","0.08744"
"126.37000","-2.34930","0.08205"
"126.42000","-2.33459","0.08005"
"126.47000","-2.31960","0.09157"
"126.52000","-2.30475","0.09352"
"126.57000","-2.28942","0.08775"
"126.62000","-2.27452","0.08658"
"126.67000","-2.25966","0.09176"
"126.72000","-2.24473","0.10340"
"126.77000","-2.22956","0.10186"
"126.82000","-2.21443","0.08934"
"126.87000","-2.19960","0.08573"
"126.92000","-2.18456","0.10233"
"126.97000","-2.16964","0.10035"
"127.02000","-2.15437","0.08313"
"127.07000","-2.13979","0.09460"
"127.12000","-2.12455","0.09231"
"127.17000","-2.10965","0.09324"
"127.22000","-2.09449","0.09922"
"127.27000","-2.07968","0.06878"
"127.32000","-2.06463","0.09642"
"127.37000","-2.04952","0.08018"
"127.42000","-2.03450","0.09359"
"127.47000","-2.01941","0.07540"
"127.52000","-2.00471","0.09476"
"127.57000","-1.98947","0.09056"
"127.62000","-1.97467","0.11296"
"127.67000","-1.95938","0.07650"
"127.72000","-1.94481","0.09459"
"127.77000","-1.92956","0.10119"
"127.82000","-1.91462","0.09167"
"127.87000","-1.89951","0.10217"
"127.92000","-1.88468","0.09747"
"127.97000","-1.86964","0.09804"
"128.02000","-1.85438","0.10315"
"128.07000","-1.83959","0.11063"
"128.12000","-1.82441","0.07143"
"128.17000","-1.80982","0.10860"
"128.22000","-1.79436","0.08563"
"128.27000","-1.77971","0.10189"
"128.32000","-1.76450","0.10748"
"128.37000","-1.74984","0.10467"
"128.42000","-1.73446","0.06103"
"128.47000","-1.71957","0.09428"
"128.52000","-1.70455","0.05224"
"128.57000","-1.68962","0.06890"
"128.62000","-1.67455","0.08119"
"128.67000","-1.65938","0.06512"
"128.72000","-1.64461","0.08458"
"128.77000","-1.62964","0.07052"
"128.82000","-1.61467","0.08617"
"128.87000","-1.59940","0.08182"
"128.92000","-1.58468","0.09184"
"128.97000","-1.56964","0.06901"
"129.02000","-1.55473","0.08842"
"129.07000","-1.53948","0.07524"
"129.12000","-1.52448","0.08821"
"129.17000","-1.50944","0.07102"
"129.22000","-1.49464","0.08152"
"129.27000","-1.47941","0.06759"
"129.32000","-1.46448","0.09071"
"129.37000","-1.44964","0.06658"
"129.42000","-1.43460","0.06911"
"129.47000","-1.41964","0.07633"
"129.52000","-1.40454","0.06238"
"129.57000","-1.38984","0.08150"
"129.62000","-1.37456","0.06685"
"129.67000","-1.35965","0.06092"
"129.72000","-1.34436","0.07011"
"129.77000","-1.32965","0.07883"
"129.82000","-1.31448","0.06035"
"129.87000","-1.29955","0.06921"
"129.92000","-1.28443","0.05819"
"129.97000","-1.26950","0.08814"
"130.02000","-1.25478","0.06868"
"130.07000","-1.23954","0.06130"
"130.12000","-1.22474","0.09023"
"130.17000","-1.20944","0.07683"
"130.22000","-1.19482","0.07933"
"130.27000","-1.17942","0.07740"
"130.32000","-1.16461","0.06487"
"130.37000","-1.14924","0.06797"
"130.42000","-1.13463","0.08784"
"130.47000","-1.11952","0.06638"
"130.52000","-1.10442","0.06315"
"130.57000","-1.08959","0.08023"
"130.62000","-1.07460","0.07167"
"130.67000","-1.05985","0.06786"
"130.72000","-1.04438","0.06869"
"130.77000","-1.02967","0.05057"
"130.82000","-1.01453","0.08188"
"130.87000","-0.99974","0.06405"
"130.92000","-0.98436","0.05964"
"130.97000","-0.96955","0.06807"
"131.02000","-0.95450","0.06303"
"131.07000","-0.93972","0.07394"
"131.12000","-0.92447","0.07293"
"131.17000","-0.90955","0.05627"
"131.22000","-0.89462","0.05959"
"131.27000","-0.87969","0.08460"
"131.32000","-0.86460","0.06350"
"131.37000","-0.84945","0.06893"
"131.42000","-0.83446","0.07215"
"131.47000","-0.81947","0.07171"
"131.52000","-0.80472","0.08020"
"131.57000","-0.78932","0.06625"
"131.62000","-0.77471","0.05757"
"131.67000","-0.75949","0.07058"
"131.72000","-0.74468","0.06730"
"131.77000","-0.72951","0.06191"
"131.82000","-0.71469","0.04931"
"131.87000","-0.69961","0.04279"
"131.92000","-0.68463","0.04940"
"131.97000","-0.66959","0.05326"
"132.02000","-0.65435","0.02883"
"132.07000","-0.63970","0.04250"
"132.12000","-0.62454","0.05431"
"132.17000","-0.60970","0.03967"
"132.22000","-0.59434","0.04830"
"132.27000","-0.57976","0.04867"
"132.32000","-0.56462","0.04871"
"132.37000","-0.54966","0.06080"
"132.42000","-0.53450","0.05833"
"132.47000","-0.51953","0.03857"
"132.52000","-0.50475","0.06222"
"132.57000","-0.48943","0.04323"
"132.62000","-0.47460","0.07094"
"132.67000","-0.45930","0.04363"
"132.72000","-0.44482","0.06174"
"132.77000","-0.42940","0.05006"
"132.82000","-0.41465","0.06494"
"132.87000","-0.39943","0.03962"
"132.92000","-0.38480","0.05221"
"132.97000","-0.36961","0.04709"
"133.02000","-0.35453","0.03991"
"133.07000","-0.33953","0.05124"
"133.12000","-0.32450","0.03780"
"133.17000","-0.30959","0.04353"
"133.22000","-0.29431","0.04757"
"133.27000","-0.27955","0.04187"
"133.32000","-0.26453","0.04512"
"133.37000","-0.24980","0.05520"
"133.42000","-0.23447","0.03565"
"133.47000","-0.21960","0.05515"
"133.52000","-0.20456","0.04173"
"133.57000","-0.18980","0.04326"
"133.62000","-0.17455","0.05035"
"133.67000","-0.15943","0.06056"
"133.72000","-0.14435","0.03669"
"133.77000","-0.12963","0.05805"
"133.82000","-0.11457","0.05557"
"133.87000","-0.09946","0.05177"
"133.92000","-0.08459","0.06592"
"133.97000","-0.06958","0.03118"
"134.02000","-0.05478","0.05129"
"134.07000","-0.03951","0.05544"
"134.12000","-0.02478","0.04847"
"134.17000","-0.00956","0.04636"
"134.20300","0.00011","0.02129"
